,Country Name,Country Code,Indicator Name,Indicator Code,1960,1961,1962,1963,1964,1965,1966,1967,1968,1969,1970,1971,1972,1973,1974,1975,1976,1977,1978,1979,1980,1981,1982,1983,1984,1985,1986,1987,1988,1989,1990,1991,1992,1993,1994,1995,1996,1997,1998,1999,2000,2001,2002,2003,2004,2005,2006,2007,2008,2009,2010,2011,2012,2013,2014,2015,2016,2017,2018,2019
0,Aruba,ABW,"Hospital beds (per 1,000 people)",SH.MED.BEDS.ZS,,,,,,,,,,,,,,,,,,,,,,,,,,,,,,,,,,,,,,,,,,,,,,,,,,,,,,,,,,,,
1,Afghanistan,AFG,"Hospital beds (per 1,000 people)",SH.MED.BEDS.ZS,0.17062699794769298,,,,,,,,,,0.19900000095367398,,,,,,,,,,,0.27559998631477395,,,,,,0.30910000205040006,,,0.2497999966,,,,,,,,,,0.3,0.4,0.4,0.4,0.4,0.4,0.4,0.4,0.4,0.4,0.4,0.4,0.5,0.5,0.5,0.5,,,,
2,Angola,AGO,"Hospital beds (per 1,000 people)",SH.MED.BEDS.ZS,2.06146168708801,,,,,,,,,,2.72099995613098,,,,,,,,,,,,,,,,,,,,1.2913000584,,,,,,,,,,,,,,,0.8,,,,,,,,,,,,,,
3,Albania,ALB,"Hospital beds (per 1,000 people)",SH.MED.BEDS.ZS,5.1026759147644,,,,,,,,,,,,,,,,,,,,4.27169990539551,4.18709993362427,4.160699844360351,4.08620023727417,4.138999938964839,4.13880014419556,4.06969976425171,3.97000002861023,3.93549990653992,4.13210010528564,4.0248999596,3.9986999035000004,4.0134000778,3.8313999175999998,3.0171000957,3.1900000572000002,3.1400001049,3.0499999523000003,3.0499999523000003,3.0299999713999997,3.3,3.3,3.1,3.1,3.0,3.1,3.1,3.1,,2.8,3.0,2.6,2.9,2.9,,,,,,
4,Andorra,AND,"Hospital beds (per 1,000 people)",SH.MED.BEDS.ZS,,,,,,,,,,,,,,,,,,,,,,,,,,,,,,,,,,,,,3.1800000668,3.0,3.0899999142000003,3.2000000476999997,3.2000000476999997,2.5899999142,,3.2999999523000003,,2.7,2.6,2.6,,2.5,,,,,,,,,,
5,Arab World,ARB,"Hospital beds (per 1,000 people)",SH.MED.BEDS.ZS,1.9273014488226201,,,,,,,,,,1.91788556013217,,,,,1.58381419388698,,,,,,1.7076106017146,,,,,,,,,1.7955814029383501,,,,,,,,,,1.5979110469803102,1.63946676396227,1.5747993164633403,1.5740629780330402,1.6123290377657602,1.63026123576705,1.6525176858459898,1.6171139714320701,1.63605722707948,1.52885375764916,1.52952286081567,1.1602230655564298,1.15838267090974,1.15189919300725,1.62452358185493,,,,,
6,United Arab Emirates,ARE,"Hospital beds (per 1,000 people)",SH.MED.BEDS.ZS,,,,,,,,,,,,,,,,,,,,,2.84949994087219,2.87509989738464,,,,,,,,,2.6400001049,,3.0604999064999996,,,,2.6400001049,,,,2.4,2.3,2.2,2.2,2.2,2.2,1.9,1.9,1.9,1.9,1.9,1.1,1.1,1.2,,,,,,
7,Argentina,ARG,"Hospital beds (per 1,000 people)",SH.MED.BEDS.ZS,6.35225057601929,,,,,,,,,,5.58580017089844,,,,,,,,,,,,,,,,,,,,4.5942997932,,,4.5999999046,,,3.2899999619,,,,4.1,,,,,4.0,,,,,4.5,4.5,4.7,4.9,5.0,,,,,
8,Armenia,ARM,"Hospital beds (per 1,000 people)",SH.MED.BEDS.ZS,,,,,,,,,,,,,,,,,,,,,8.39540004730225,8.57839965820313,8.68280029296875,8.54810047149658,8.66009998321533,8.69919967651367,9.02420043945313,8.99660015106201,9.19040012359619,9.03579998016357,9.094799995399999,8.529299736,8.3676996231,8.214699745199999,7.765999794,7.6399998665,7.1300001144000005,6.75,6.6599998474,6.1999998092999995,6.4,5.0,4.3,4.4,4.4,4.5,4.4,4.1,3.8,3.7,3.7,3.7,4.0,4.1,,4.2,,,,
9,American Samoa,ASM,"Hospital beds (per 1,000 people)",SH.MED.BEDS.ZS,,,,,,,,,,,,,,,,,,,,,,,,,,,,,,,,,,,,,,,,,,,,,,,,,,,,,,,,,,,,
10,Antigua and Barbuda,ATG,"Hospital beds (per 1,000 people)",SH.MED.BEDS.ZS,7.70642185211182,,,,,,,,,,6.53000020980835,,,,,,,,,,,,,,,,,,,,6.599999904600001,,,6.1048002243,,,3.8800001144,,,,,2.6,2.3,2.5,2.4,2.4,2.4,2.0,1.7,2.2,2.2,2.1,,3.9,3.8,,,,,
11,Australia,AUS,"Hospital beds (per 1,000 people)",SH.MED.BEDS.ZS,11.1999998092651,11.3000001907349,11.3999996185303,11.6999998092651,11.8000001907349,11.8999996185303,11.8000001907349,11.8000001907349,11.8000001907349,11.6999998092651,11.6999998092651,11.6000003814697,11.8000001907349,11.8000001907349,12.0,11.8999996185303,11.8999996185303,12.1000003814697,12.1000003814697,12.1999998092651,12.3000001907349,12.1999998092651,12.1000003814697,11.8999996185303,11.6999998092651,10.8999996185303,,10.5,,9.80000019073486,,9.1999998093,8.8999996185,8.8999996185,8.6999998093,8.6999998093,8.5,8.3000001907,8.1999998093,7.900000095399999,7.8000001907000005,7.599999904600001,4.0,,3.9,4.0,3.97,,,3.8,3.9,3.8,,,3.8,,,,,
12,Austria,AUT,"Hospital beds (per 1,000 people)",SH.MED.BEDS.ZS,10.8000001907349,,,,,,,,,,10.8000001907349,,,,,,,,,,11.1999998092651,,,,,10.8999996185303,10.8000001907349,10.6999998092651,10.6000003814697,10.3999996185303,10.1999998093,9.8999996185,9.6999998093,9.3999996185,9.5,9.3999996185,9.3000001907,9.1999998093,9.0,8.8999996185,7.9,7.8,7.8,7.7,7.7,7.7,7.7,7.8,7.7,7.7,7.7,7.7,7.7,7.6,,,,,,
13,Azerbaijan,AZE,"Hospital beds (per 1,000 people)",SH.MED.BEDS.ZS,,,,,,,,,,,,,,,,,,,,,9.74520015716553,,,,,9.89680004119873,9.84109973907471,9.882100105285641,9.96630001068115,10.204400062561001,10.0992002487,10.0208997726,10.5427999496,10.4875001907,10.070599556,10.0200004578,9.8100004196,9.6099996567,9.0600004196,8.8999996185,8.7,8.5,8.4,8.3,8.2,8.2,7.9,7.9,7.7,7.5,5.1,4.6,4.6,4.7,,,,,,
14,Burundi,BDI,"Hospital beds (per 1,000 people)",SH.MED.BEDS.ZS,1.12240731716156,,,,,,,,,,1.28059995174408,,,,,1.12320005893707,,,,,,,,,,,0.6791999936103821,,,,,0.6631000042,,,,,,,,,,,,,,,0.7,,,,,1.9,,,0.8,,,,,
15,Belgium,BEL,"Hospital beds (per 1,000 people)",SH.MED.BEDS.ZS,,,,,,,,,,,8.300000190734862,,,,,,,,,,9.39999961853027,,,,,9.10000038146973,,,,,8.0,7.900000095399999,7.6999998092999995,7.6999998092999995,7.599999904600001,,,7.1999998092999995,7.1999998092999995,7.099999904600001,7.8,7.7,7.6,7.5,7.5,7.4,6.7,6.6,6.6,6.5,6.5,6.4,6.3,6.3,6.2,,,,,
16,Benin,BEN,"Hospital beds (per 1,000 people)",SH.MED.BEDS.ZS,1.2257487773895301,,,,,,,,,,1.15489995479584,,,,,,,,,,1.46490001678467,1.13119995594025,,,,0.35960000753402704,,,,,0.8338999748,0.5005000234,0.2231000066,0.2390999943,0.2336000055,,,,,,,,,,,0.5,,,,,0.5,,,,,,,,,
17,Burkina Faso,BFA,"Hospital beds (per 1,000 people)",SH.MED.BEDS.ZS,0.5237581133842469,,,,,,,,,,0.57150000333786,,,,,,,,,,,,,,,,,,,0.306400001049042,0.2992999852,,,,,1.2999999523,1.4199999571000002,,,,,,,,,,0.9,,,,0.4,,,,,,,,,
18,Bangladesh,BGD,"Hospital beds (per 1,000 people)",SH.MED.BEDS.ZS,,,,,,,,,,,0.155100002884865,,,,,,,,,,0.215800002217293,0.22519999742507898,,,,0.28780001401901195,,,,,0.3041999936,0.30809998510000003,,,0.3048999906,,,,,0.30000001190000003,,0.3,0.34,,,0.3,,,,,,0.6,,,0.6,0.8,,,,
19,Bulgaria,BGR,"Hospital beds (per 1,000 people)",SH.MED.BEDS.ZS,6.21367740631104,,,,,,,,,,,,,,,,,,,,8.85060024261475,8.85900020599365,8.88669967651367,8.87679958343506,8.96300029754639,9.11400032043457,9.45209980010986,9.56420040130615,9.56019973754883,9.70209980010986,9.7908000946,9.7681999207,10.2063999176,10.4941997528,10.196100235,10.369999885599999,10.470000267,10.279999733,8.4099998474,7.4899997711,7.4,7.2,6.5,6.3,6.1,6.4,6.2,6.4,6.5,6.6,6.5,6.4,6.6,6.8,,,,,,
20,Bahrain,BHR,"Hospital beds (per 1,000 people)",SH.MED.BEDS.ZS,4.71140956878662,,,,,,,,,,4.342899799346919,,,,,,,,,,3.31439995765686,,,,,,,,,3.3394999504089395,,,,,,,,2.9000000954000003,,,2.8,2.8,2.9,2.8,2.8,2.8,2.7,2.7,2.0,1.8,1.8,1.7,2.1,2.1,2.0,,,,,
21,"Bahamas, The",BHS,"Hospital beds (per 1,000 people)",SH.MED.BEDS.ZS,5.72566366195679,,,,,,,,,,5.0935997962951705,,,,,,,,,,4.4047999382019,,,,,,,,,,4.0,,,3.8838999271,,3.6,3.9400000572000002,,,,3.5,3.4,3.4000000954000003,3.4,3.4,,3.2,3.2,3.1,3.2,3.1,2.9,2.9,2.9,,,,,,
22,Bosnia and Herzegovina,BIH,"Hospital beds (per 1,000 people)",SH.MED.BEDS.ZS,,,,,,,,,,,,,,,,,,,,,4.83109998703003,4.92280006408691,4.91790008544922,4.90469980239868,4.8137001991272,4.71810007095337,4.742000102996831,4.5935001373291,4.57819986343384,4.49830007553101,4.4590997696,4.3779997826,,,,,,,3.8199999332,3.7999999523000003,3.4,3.2,3.2,3.2,3.1,3.0,3.3,3.4,3.4,3.3,3.4,3.5,3.5,3.5,,,,,,
23,Belarus,BLR,"Hospital beds (per 1,000 people)",SH.MED.BEDS.ZS,,,,,,,,,,,,,,,,,,,,,12.546099662780799,,,,,13.0712995529175,13.260499954223599,13.4562997817993,13.3729000091553,13.5795001983643,13.226400375399999,13.20470047,12.6906995773,12.476200103800002,12.4638996124,12.380000114400001,12.2700004578,12.359999656700001,12.420000076300001,12.640000343299999,12.6,12.6,11.9,11.3,10.7,11.1,11.2,11.2,11.1,11.1,11.5,11.3,11.3,11.0,,,,,,
24,Belize,BLZ,"Hospital beds (per 1,000 people)",SH.MED.BEDS.ZS,4.66776514053345,,,,,,,,,,5.40140008926392,,,,,,,,,,,,,,,,3.31680011749268,,,,2.7000000476999997,,,2.7999999523000003,,2.5,2.1300001144,,,,1.9,,,1.2999999523,1.3,1.2,1.3,1.2,1.2,1.1,1.2,1.1,1.1,0.9,1.3,,,,,
25,Bermuda,BMU,"Hospital beds (per 1,000 people)",SH.MED.BEDS.ZS,,,,,,,,,,,,,,,,,,,,,,,,,,,,,,,,,,,,,6.3000001907000005,,,,,,,,,,,,,,,,,,,,,,,
26,Bolivia,BOL,"Hospital beds (per 1,000 people)",SH.MED.BEDS.ZS,1.8454192876815803,,,,,,,,,,2.32170009613037,,,,,2.0587999820709197,,,,,,,,,,,,,,,1.317800045,1.4110000134,,1.3999999762,,,1.6699999571000002,,,,,,,1.0,1.0,,1.1,1.1,1.1,1.1,,1.1,1.1,1.1,1.1,,,,,
27,Brazil,BRA,"Hospital beds (per 1,000 people)",SH.MED.BEDS.ZS,3.20179533958435,,,,,,,,,,3.69180011749268,,,,,4.9951000213623,,,,,,,,,,,,3.56030011177063,,,3.3452999592,,,3.5,,,3.1099998951,,,,,,2.6,,,2.4,,,,2.4,2.4,2.3,2.3,2.3,2.2,,,,,
28,Barbados,BRB,"Hospital beds (per 1,000 people)",SH.MED.BEDS.ZS,5.929779052734379,,,,,,,,,,10.2215995788574,,,,,,,,,,8.53470039367676,,,,,,,,,,8.3999996185,,,1.2676000595,,7.4,7.559999942799999,,,,,,,7.3,7.3,6.7,6.6,,7.6,6.8,6.6,,6.2,6.2,5.8,,,,,
29,Brunei Darussalam,BRN,"Hospital beds (per 1,000 people)",SH.MED.BEDS.ZS,4.90243911743164,,,,,,,,,,3.50769996643066,,,,,,,,,,,2.93589997291565,2.99399995803833,,,,,,,,,,,,,,,,,,2.5999999046,,2.7,,2.6,3.0,2.79,,2.7,2.6,,2.79,2.7,,,2.7,,,,
30,Bhutan,BTN,"Hospital beds (per 1,000 people)",SH.MED.BEDS.ZS,,,,,,,,,,,,,,,,,,,,,,,,,,,1.7058999538421598,,,,0.8467000127,,,,1.6147999763,,,,,1.6000000238,,1.6,1.6,,,,1.7,,,,,1.8,1.7,,,,,,,
31,Botswana,BWA,"Hospital beds (per 1,000 people)",SH.MED.BEDS.ZS,2.12291669845581,,,,,,,,,,,,,,,,,,,,2.3631000518798797,,,,,,,,,,1.5751999616999999,,,,,,,,,,,,,2.2,,,,2.4,1.8,,1.8,,,,,,,,,
32,Central African Republic,CAF,"Hospital beds (per 1,000 people)",SH.MED.BEDS.ZS,1.23142111301422,,,,,,,,,,1.87559998035431,,,,,,,,,,1.55859994888306,,,,,,,,,,0.8731999993,,,,,,,,,,,,,,,,1.2,,,,,1.0,,,,,,,,
33,Canada,CAN,"Hospital beds (per 1,000 people)",SH.MED.BEDS.ZS,6.199999809265139,,,,,,,,,,7.0,,,,,,6.900000095367429,6.900000095367429,6.900000095367429,6.800000190734861,6.800000190734861,6.900000095367429,6.800000190734861,6.800000190734861,6.800000190734861,6.800000190734861,6.699999809265139,6.599999904632571,6.5,6.300000190734861,6.0,5.8000001907000005,5.5,5.400000095399999,,5.0,4.5999999046,4.4000000954,4.1999998093,3.9000000954000003,3.4,3.7000000476999997,3.7000000476999997,3.6,,3.4,3.4,,3.4,3.2,2.7,2.7,2.7,,,,,,,
34,Central Europe and the Baltics,CEB,"Hospital beds (per 1,000 people)",SH.MED.BEDS.ZS,,,,,,,,,,,,,,,,,,,,,8.03053552219485,,,,,8.20066320156225,,,,,8.11984050401736,8.03882876474436,7.67228575673475,7.64288605831753,7.63067159676445,7.23868869955943,7.26824655678557,7.0230654493652995,6.797328838809099,6.61653067869634,6.6976154731317905,,6.75132166166714,6.882898579643769,6.8239801979684005,6.77524227378362,6.719962426710969,6.577460750435179,6.637794326031281,6.63348829859788,6.4870682504524195,6.42078150700081,6.42304660481243,6.421446660782389,,,,,,
35,Switzerland,CHE,"Hospital beds (per 1,000 people)",SH.MED.BEDS.ZS,,,,,,,,,,,,,,,,,,,,,,,,,,,,,,,,19.8999996185,,,,,,,,,6.3,6.0,5.9,5.8,5.7,5.5,5.4,5.4,5.3,5.1,5.0,4.9,4.8,4.7,,,,,,
36,Channel Islands,CHI,"Hospital beds (per 1,000 people)",SH.MED.BEDS.ZS,11.153845787048303,,,,,,,,,,11.2250003814697,,,,,,,,,,10.651200294494599,10.595100402832001,,,,,,,,,,,,,,,,,,,,,,,,,,,,,,,,,,,,,,
37,Chile,CHL,"Hospital beds (per 1,000 people)",SH.MED.BEDS.ZS,3.6742901802063,,,,,,,,,,3.77640008926392,,,,,,,,,,3.40639996528625,,,,,,,,,3.1767001152038596,3.1586000919,,,3.0999999045999997,,,2.6700000763,,,,,,2.5999999046,,2.4,2.3,2.3,,,2.1,2.0,2.1,2.2,2.2,,,,,,
38,China,CHN,"Hospital beds (per 1,000 people)",SH.MED.BEDS.ZS,,,,,,1.4400000572204599,1.5199999809265101,1.5,1.45000004768372,1.45000004768372,1.53999996185303,1.58000004291534,1.71000003814697,1.7699999809265101,1.85000002384186,1.91999995708466,2.0,2.0699999332428,2.14000010490417,2.2000000476837203,2.2300000190734903,2.25,2.25999999046326,2.2899999618530296,2.32999992370605,2.36999988555908,2.4000000953674303,2.4800000190734903,2.5399999618530296,2.55999994277954,2.5799999237,2.5999999046,2.6199998856,2.6300001144,2.6300001144,2.6099998951,2.5499999523,2.5499999523,2.5299999713999997,2.5199999809,2.5199999809,2.5199999809,2.4500000477,2.2,3.0,2.45,2.23,,,4.2,3.56,3.8,4.2,,,,,,,
39,Cote d'Ivoire,CIV,"Hospital beds (per 1,000 people)",SH.MED.BEDS.ZS,1.34876954555511,,,,,,,,,,1.15610003471375,,,,,,,,,,,,,,,,,,,0.828499972820282,0.8116000295,,,,,,,,,,,,,,,,0.4,,,,,,,,,,,,,
40,Cameroon,CMR,"Hospital beds (per 1,000 people)",SH.MED.BEDS.ZS,2.00226593017578,,,,,,,,,,1.75150001049042,,,,,2.46589994430542,,,,,,,,,,,,,,2.5982999801635698,2.5532999038999997,,,,,,,,,,,,,,,,1.5,,,,1.3,,,,,,,,,
41,"Congo, Dem. Rep.",COD,"Hospital beds (per 1,000 people)",SH.MED.BEDS.ZS,5.67403650283813,,,,,,,,,,3.32340002059937,,,,,3.2253000736236603,,,,,,,,,,,,1.5930999517440803,,,1.4268000126,,,,,,,,,,,,,,,1.1,0.8,,,,,,,,,,,,,
42,"Congo, Rep.",COG,"Hospital beds (per 1,000 people)",SH.MED.BEDS.ZS,3.75708508491516,,,,,,,,,,4.38719987869263,,,,,,,,,,,,,,,,,,,,3.3499999045999997,,,,,,,,,,,,,,,1.6,,,,,,,,,,,,,,
43,Colombia,COL,"Hospital beds (per 1,000 people)",SH.MED.BEDS.ZS,2.57554721832275,,,,,,,,,,2.09730005264282,,,,,,,,,,1.56410002708435,,,,,,,,,1.25109994411469,1.3667000532,,,1.2999999523,,,1.4600000381,,,,,,,1.1000000238,1.2,,1.0,1.0,,,,1.4,1.5,1.5,1.5,,,,,
44,Comoros,COM,"Hospital beds (per 1,000 people)",SH.MED.BEDS.ZS,,,,,,,,,,,,,,,,,,,,,,,,,,,,,,3.12490010261536,2.7616000175,,,,,,,,,,,,,,,,2.2,,,,2.2,,,,,,,,,
45,Cabo Verde,CPV,"Hospital beds (per 1,000 people)",SH.MED.BEDS.ZS,,,,,,,,,,,1.40820002555847,,,,,,,,,,2.1868999004364,,,,,,,,1.5976999998092698,,,,1.5830999612999999,,,,,,,,,,,,,2.1,,,2.1,,2.1,,,,,,,,,
46,Costa Rica,CRI,"Hospital beds (per 1,000 people)",SH.MED.BEDS.ZS,4.7907772064209,,,,,,,,,,3.93959999084473,,,,,,,,,,3.31439995765686,,,,,,,,,,2.5,,,,1.793900013,1.7799999713999999,1.75,1.7100000381,1.6799999475,,,,,1.3999999762,1.4,,1.3,1.3,1.2,,1.2,1.2,1.2,1.1,1.1,1.2,,,,
47,Caribbean small states,CSS,"Hospital beds (per 1,000 people)",SH.MED.BEDS.ZS,5.05424028520153,,,,,,,,,,4.99597174353721,,,,,4.9904186611762,,,,,,,,,,,,,,,3.6200715680923503,,,2.82114787847011,,3.09151576259095,3.47944325096064,,,,,2.49297655343327,,2.53152700201334,,2.44257359344444,2.55656454782987,2.18227982077528,,2.30053403430898,2.32479747459894,,2.3547239173376604,2.26723392472779,,,,,,
48,Cuba,CUB,"Hospital beds (per 1,000 people)",SH.MED.BEDS.ZS,4.36649942398071,,,,,,,,,,4.63240003585815,,,,,,,,,,,,,,,,,,,,5.4211997986,,,6.0,,,5.1300001144,,,,,,,4.9000000954,,4.9,4.9,4.9,6.0,5.9,5.9,5.1,5.3,5.1,5.2,,,,,
49,Curacao,CUW,"Hospital beds (per 1,000 people)",SH.MED.BEDS.ZS,,,,,,,,,,,,,,,,,,,,,,,,,,,,,,,,,,,,,,,,,,,,,,,,,,,,,,,,,,,,
50,Cayman Islands,CYM,"Hospital beds (per 1,000 people)",SH.MED.BEDS.ZS,,,,,,,,,,,,,,,,,,,,,,,,,,,,,,,3.0,,,,,,,,,,,,,,,,,,,,,,,,,,,,,
51,Cyprus,CYP,"Hospital beds (per 1,000 people)",SH.MED.BEDS.ZS,4.52356004714966,,,,,,,,,,5.38210010528564,,,,,,,,,,5.65299987792969,5.72009992599487,,,,,,,,5.08640003204346,,,,,,,,,,,4.5,4.4,4.4,4.3,4.2,3.8,3.7,3.8,3.8,3.7,3.5,3.5,3.5,3.4,,,,,,
52,Czech Republic,CZE,"Hospital beds (per 1,000 people)",SH.MED.BEDS.ZS,,,,,,,,,,,,,,,,,,,,,11.3000001907349,,,,,11.3999996185303,,,,,11.300000190699999,11.100000381500001,10.6999998093,10.3999996185,10.1999998093,,,,,,7.8,7.8,7.8,7.7,7.6,7.6,7.4,7.3,7.2,7.1,7.0,6.8,6.7,6.5,,6.5,,,,
53,Germany,DEU,"Hospital beds (per 1,000 people)",SH.MED.BEDS.ZS,10.5,,,,,,,,,,11.3000001907349,,,,,,,,,,11.5,,,,,11.0,,,,,10.3999996185,10.1000003815,9.8999996185,9.6999998093,9.6999998093,9.6999998093,9.6000003815,9.3999996185,9.3000001907,9.1999998093,9.1,9.0,8.9,8.7,8.6,8.5,8.3,8.2,8.2,8.2,8.2,8.2,8.2,8.3,,,,,,
54,Djibouti,DJI,"Hospital beds (per 1,000 people)",SH.MED.BEDS.ZS,7.83132553100586,,,,,,,,,,6.07740020751953,,,,,,,,,,,3.61050009727478,,,,,,,,,2.5397000312999998,,,,,,,,,,1.8,1.8,1.8,1.6,1.6,1.6,1.6,,,,1.4,1.4,1.4,1.4,1.4,,,,,
55,Dominica,DMA,"Hospital beds (per 1,000 people)",SH.MED.BEDS.ZS,4.54394674301147,,,,,,,,,,4.4443998336792,,,,,,,,,,,,,,,,,,,,3.0,,,2.5938999653,,3.6,2.6500000954,,,,3.8,3.5,3.9000000954000003,3.9,3.9,3.9,,4.0,3.8,3.8,3.8,3.8,3.8,,,,,,,
56,Denmark,DNK,"Hospital beds (per 1,000 people)",SH.MED.BEDS.ZS,,,,,,,,,,,8.10000038146973,,8.39999961853027,8.300000190734862,8.5,8.5,8.60000038146973,8.39999961853027,8.5,8.199999809265138,8.10000038146973,7.800000190734861,7.699999809265139,7.400000095367429,7.099999904632571,7.0,6.900000095367429,6.199999809265139,6.0,5.800000190734861,5.599999904600001,5.400000095399999,5.0999999046,5.0,5.0,4.9000000954,4.6999998093,4.5999999046,4.5,4.3000001907,4.3,4.2,4.3,4.1,4.0,3.9,3.8,3.7,3.6,3.5,3.5,3.1,,3.1,,2.5,,,,
57,Dominican Republic,DOM,"Hospital beds (per 1,000 people)",SH.MED.BEDS.ZS,2.3286907672882102,,,,,,,,,,2.63940000534058,,,,,2.50149989128113,,,,,,,,,,,,,,,1.8812999725,,,2.0,,,1.5,,,,,,,2.0999999046,,2.0,,1.0,1.0,1.0,1.6,1.7,,1.6,1.6,,,,,
58,Algeria,DZA,"Hospital beds (per 1,000 people)",SH.MED.BEDS.ZS,3.18740749359131,,,,,,,,,,2.84249997138977,,,,,,,,,,,,,,,,2.4883999824523904,,2.62899994850159,2.56439995765686,2.4993000031,,,,2.1031999588,,,,2.0999999046,,,,,,1.7,,,,,,,,,,,1.9,,,,
59,East Asia & Pacific (excluding high income),EAP,"Hospital beds (per 1,000 people)",SH.MED.BEDS.ZS,,,,,,1.4400000572204599,1.5199999809265101,1.5,1.45000004768372,1.45000004768372,1.44188458520241,1.58000004291534,1.71000003814697,1.7699999809265101,1.85000002384186,1.78114532836121,1.98732443357415,2.0699999332428,2.14000010490417,2.2000000476837203,2.22372802979862,2.29444338407189,2.2341767405230097,2.26248063040223,2.31000799277205,2.12200487778165,2.3659373053875496,2.47996849317457,2.5366463166226403,2.35650142725527,2.27877090593764,2.27225166195359,2.27770699074498,2.29197691889198,2.3496088918205897,2.57205458171574,2.54083653635241,2.4980746146048998,2.25570508580776,2.5048830581539,2.4434965467112697,2.40324533359501,2.17577741350886,2.20020946024361,2.9656498563794202,2.42651177608378,2.1058495186058797,,,3.87591640442743,2.99695764809715,3.55538825918737,3.6474003099242402,,,,,,,
60,Early-demographic dividend,EAR,"Hospital beds (per 1,000 people)",SH.MED.BEDS.ZS,0.920140680756755,,,,,,,,,,0.9674259965935859,,,,,0.8878323011455109,,,,,1.03899093710069,,,,,1.10719498431923,,,,,,1.09024562274497,,,,,,,,,,,0.923283896675313,1.1867955831751298,,1.21993857897905,,,,,,1.22517407197752,,,,,,,,
61,East Asia & Pacific,EAS,"Hospital beds (per 1,000 people)",SH.MED.BEDS.ZS,,,,,,,,,,,2.56044090878198,,,,,1.91706107842653,2.12823767479258,,,,3.3245762216169,2.43828768355871,2.3829888855422996,2.4117675291027205,2.45617148558285,3.2865067848829503,2.39684449820008,,,2.48765476559885,2.34123160306518,2.42090894863258,2.42885364599208,3.43513550515975,3.52701682546471,3.8012461688585697,3.8035866737978603,3.70711639025866,3.3931815174459796,3.7006778361322006,3.6116040938521006,3.3708232843092696,3.08476486188393,3.41365659358564,4.0250213497129,3.35822242872164,3.17101241176616,,,4.778242178325639,3.00729307459809,3.5498561092414804,4.44360048737964,,,,,,,
62,Europe & Central Asia (excluding high income),ECA,"Hospital beds (per 1,000 people)",SH.MED.BEDS.ZS,,,,,,,,,,,,,,,,,,,,,,,,,,10.647881393051199,10.699603483216599,10.7316922496716,10.7642261025131,10.785096813596402,10.7721210147544,10.527971479941199,10.2837767016118,10.103069911053,9.79991036859443,9.578094416058839,9.16155080826231,8.62695562049666,8.303753567126451,8.07501006798261,7.9434320633968305,7.845315758331441,7.767717445305769,7.59398397918018,7.29202345986504,7.2059179484002005,7.165313617091741,6.9725578700635396,6.910107713015621,6.889152428293429,6.71413152243603,6.5268893078835495,6.462148923734291,6.3536554875275,,,,,,
63,Europe & Central Asia,ECS,"Hospital beds (per 1,000 people)",SH.MED.BEDS.ZS,,,,,,,,,,,,,,,,,,,,,9.15769211096407,,,,,9.5903866634652,9.676136432087391,9.6578985956182,9.62594040452844,9.56975762889735,9.16828814642114,9.03137209617761,8.701024089367111,8.524309467591879,8.32777699685383,8.13339124669665,7.908296498571629,7.547384170617041,7.30307220033862,7.095749962542571,6.969397178726231,6.95852500168741,6.81793598551564,6.7238296078482,6.52775221560098,6.4423706219355,6.3576100162742195,6.215203857777049,6.1361242774447,6.087166563374259,5.979716402295169,5.85540300129485,5.80472376746884,5.92492146211432,,,,,,
64,Ecuador,ECU,"Hospital beds (per 1,000 people)",SH.MED.BEDS.ZS,1.87069153785706,,,,,,,,,,2.34910011291504,,,,,2.54629993438721,,,,,1.90719997882843,,,,,,,,,,1.6440999508,,,1.6000000238,,,1.5499999522999999,,,,,,1.5,1.7,,,,1.5,1.5,1.5,1.6,1.6,1.5,1.5,,,,,,
65,"Egypt, Arab Rep.",EGY,"Hospital beds (per 1,000 people)",SH.MED.BEDS.ZS,2.14697933197021,,,,,,,,,,2.1805000305175803,,,,,2.03660011291504,,,,,2.0262999534606903,2.07220005989075,,,,,2.08570003509521,,2.12470006942749,2.01990008354187,2.0708999634,2.0241999626,2.0004000663999997,1.9292999506,,,2.0999999046,2.0999999046,,,2.1,2.1,2.1,2.2,2.2,2.2,2.2,2.1,2.1,1.7,1.7,0.5,0.5,0.5,1.6,,,,,
66,Euro area,EMU,"Hospital beds (per 1,000 people)",SH.MED.BEDS.ZS,,,,,,,,,,,9.65218683850006,,,,,,,,,,9.94208867778308,,,,,9.07524027189126,,,,,8.24123604035793,8.03062405448102,7.90771864248654,7.749245843842161,7.64864688378082,7.517094492104611,7.502334247045651,7.23489304667167,7.07349176769583,6.87948900697098,6.7211567249131,6.618721892607731,6.49733418186106,6.34063059248541,6.2100520963119505,6.14497378543303,6.00385045920787,5.940316290182659,5.82572707733138,5.736989699365361,5.713525723706599,5.643641165666361,5.57631009284811,6.167490812480629,,,,,,
67,Eritrea,ERI,"Hospital beds (per 1,000 people)",SH.MED.BEDS.ZS,,,,,,,,,,,,,,,,,,,,,,,,,,,,,,,,,,,,,,,,,,,,,,,1.2,,,,,0.7,,,,,,,,
68,Spain,ESP,"Hospital beds (per 1,000 people)",SH.MED.BEDS.ZS,,,,,,,,,,,4.699999809265139,,,,,,,,,5.5,5.400000095367429,5.400000095367429,5.400000095367429,5.199999809265139,5.0,4.90000009536743,4.800000190734861,4.800000190734861,4.699999809265139,4.699999809265139,4.5999999046,4.5999999046,4.5,4.4000000954,4.4000000954,4.3000001907,4.3000001907,4.1999998093,4.1999998093,4.0999999046,3.7,3.6,3.5,3.5,3.4,3.4,3.3,3.3,3.2,3.2,3.2,3.1,3.0,3.0,,,,,,
69,Estonia,EST,"Hospital beds (per 1,000 people)",SH.MED.BEDS.ZS,,,,,,,,,,,,,,,,,,,,,12.1850996017456,,,,,12.274399757385302,12.265199661254899,12.1365003585815,12.0267000198364,11.930800437927198,11.610600471500002,11.289199829100001,9.6816997528,9.622300147999999,8.5613002777,8.3500003815,7.900000095399999,7.7100000381,7.5799999237,7.5300002098,7.0,6.6,6.0,5.7,5.7,5.4,5.6,5.5,5.7,5.4,5.2,5.3,5.5,5.0,,5.0,,,,
70,Ethiopia,ETH,"Hospital beds (per 1,000 people)",SH.MED.BEDS.ZS,0.29423388838768,,,,,,,,,,0.285199999809265,,,,,0.285699993371964,,,,,0.29550001025199896,,,,,,,,,,0.24150000510000003,,,,,,,,,,,,,,0.2,,0.2,,0.2,,,6.3,,,,0.3,,,,
71,European Union,EUU,"Hospital beds (per 1,000 people)",SH.MED.BEDS.ZS,,,,,,,,,,,9.281483719567971,,,,,,,,,,9.33152846482786,,,,,8.68986063746557,,,,,7.91494971998304,7.71228048948497,7.45894490371437,7.30177574253117,7.213829148497901,6.99160421972647,6.95283508103732,6.759603687103049,6.55759472025184,6.36503540346651,6.28424202633904,6.29426448752542,6.141497752786879,6.07015970556126,5.961435924760409,5.88307390721768,5.764742719885301,5.66345095068295,5.598656239495809,5.52982580478343,5.43589330293011,5.35573977224732,5.32209734184028,5.60145698850332,,,,,,
72,Fragile and conflict affected situations,FCS,"Hospital beds (per 1,000 people)",SH.MED.BEDS.ZS,1.73776937476058,,,,,,,,,,1.6668245473295,,,,,,,,,,,,,,,,,,,,1.1304049698107501,,,,,,,,,,,,,,,,0.9770048657316279,,,,,,,,,,,,,
73,Finland,FIN,"Hospital beds (per 1,000 people)",SH.MED.BEDS.ZS,,,,,,,,,,,15.1000003814697,,,,,,,,,,15.6000003814697,,,,,14.0,,,,,12.5,11.199999809300001,11.0,10.0,10.0,9.3000001907,9.1999998093,7.900000095399999,7.8000001907000005,7.599999904600001,7.5,7.5,7.4,7.2,7.1,7.1,7.0,6.7,6.5,6.3,5.9,5.5,5.3,4.9,,4.4,,,,
74,Fiji,FJI,"Hospital beds (per 1,000 people)",SH.MED.BEDS.ZS,4.04060935974121,,,,,,,,,,2.90960001945496,,,,,3.33330011367798,,,,,2.8138999938964804,2.74609994888306,,,,,,,,,,,,,,,,,,2.6,,,,,2.1,2.09,,,2.1,2.1,,2.3,,,,,,,,
75,France,FRA,"Hospital beds (per 1,000 people)",SH.MED.BEDS.ZS,,,,,,,,,,,,,,,10.5,10.6000003814697,10.6000003814697,10.8000001907349,10.8999996185303,11.1000003814697,11.1000003814697,11.1000003814697,11.0,10.8000001907349,10.6999998092651,10.5,10.3000001907349,10.1999998092651,10.1000003814697,9.89999961853027,9.6999998093,9.6000003815,9.3999996185,9.3000001907,9.1000003815,8.8999996185,8.8000001907,8.6000003815,8.3999996185,8.3000001907,8.2,8.1,8.0,7.8,7.6,7.5,7.3,7.3,7.1,6.9,6.6,6.6,6.5,6.5,,,,,,
76,Faroe Islands,FRO,"Hospital beds (per 1,000 people)",SH.MED.BEDS.ZS,,,,,,,,,,,,,,,,,,,,,,,,,,,,,,,,,,,,,,,,,,,,,,,,,,,,,,,,,,,,
77,"Micronesia, Fed. Sts.",FSM,"Hospital beds (per 1,000 people)",SH.MED.BEDS.ZS,,,,,,,,,,,,,,,,,,,,,,,,,,,,,,3.4672999382019003,,,,,,,,,,,2.8,,,,,3.3,3.31,,,3.2,,,,,,,,,,
78,Gabon,GAB,"Hospital beds (per 1,000 people)",SH.MED.BEDS.ZS,5.71399164199829,,,,,,,,,,9.91069984436035,,,,,,,,,,,,,,,1.55200004577637,,,,,3.1937999725,,,,,,,,,,,,,,,,2.0,,1.3,,6.3,,,,,,,,,
79,United Kingdom,GBR,"Hospital beds (per 1,000 people)",SH.MED.BEDS.ZS,10.6999998092651,,,,,,,,,,9.60000038146973,,,,,,,,,,8.10000038146973,,,,,7.400000095367429,,,,,5.900000095399999,5.599999904600001,5.400000095399999,5.0999999046,4.8000001907,4.8000001907,4.5999999046,4.5999999046,4.4000000954,4.1999998093,4.1,4.0,4.0,4.0,3.9,3.7,3.6,3.4,3.4,3.3,3.0,2.9,2.8,2.8,,,,,,
80,Georgia,GEO,"Hospital beds (per 1,000 people)",SH.MED.BEDS.ZS,,,,,,,,,,,,,,,,,,,,,10.170800209045401,,,,,9.9734001159668,10.0150003433228,10.1073999404907,9.99349975585938,9.99569988250732,9.7974996567,9.7981004715,10.0087003708,9.391099929800001,9.6758003235,7.6599998474,5.6700000763,5.8600001335,5.7100000381,5.690000057200001,4.8,4.5,4.2,4.2,4.1,3.9,3.7,3.3,3.2,3.1,3.0,2.8,2.5,2.6,,,,,,
81,Ghana,GHA,"Hospital beds (per 1,000 people)",SH.MED.BEDS.ZS,0.779893696308136,,,,,,,,,,1.32280004024506,,,,,1.25080001354218,,,,,,,,,,1.56700003147125,,,,,1.4600000381,,,,,,,,,,,,,,,0.9,,,,0.9,,0.9,,,,,,,,
82,Gibraltar,GIB,"Hospital beds (per 1,000 people)",SH.MED.BEDS.ZS,,,,,,,,,,,,,,,,,,,,,,,,,,,,,,,,,,,,,,,,,,,,,,,,,,,,,,,,,,,,
83,Guinea,GIN,"Hospital beds (per 1,000 people)",SH.MED.BEDS.ZS,0.7391581535339359,,,,,,,,,,1.75849997997284,,,,,,,,,,,,,,,,,,0.584100008010864,,0.5507000089,,,,,,,,,,,,,,,0.3,,,,,,0.3,,,,,,,,
84,"Gambia, The",GMB,"Hospital beds (per 1,000 people)",SH.MED.BEDS.ZS,1.18181812763214,,,,,,,,,,,,,,,,,,,,,,,,,1.65779995918274,,,,,0.6108999848,,,,,,,,,,,,,,,0.8,,,,1.1,,1.1,,,,,,,,
85,Guinea-Bissau,GNB,"Hospital beds (per 1,000 people)",SH.MED.BEDS.ZS,1.62118494510651,,,,,,,,,,1.57459998130798,,,,,,,,,,1.8860000371933001,1.97169995307922,,,,,,,,,1.4779000281999999,,,,,,,,,,,,,,,,,0.7,,1.0,,,,,,,,,,
86,Equatorial Guinea,GNQ,"Hospital beds (per 1,000 people)",SH.MED.BEDS.ZS,4.996031761169429,,,,,,,,,,,,,,,,,,,,,,,,,,,,2.8029999732971205,,,,,,,,,,,,,1.1,,,,2.2,,,,1.9,2.1,,,,,,,,,
87,Greece,GRC,"Hospital beds (per 1,000 people)",SH.MED.BEDS.ZS,5.800000190734861,,,,,,,,,,6.199999809265139,,,,,,,,,,6.199999809265139,,,,,5.5,5.300000190734861,5.199999809265139,5.199999809265139,5.09999990463257,5.0999999046,5.0,5.0,5.0,4.9000000954,4.9000000954,4.9000000954,4.9000000954,4.8000001907,4.6999998093,4.7,4.8,4.7,4.7,4.7,4.7,4.8,4.8,4.8,4.8,4.8,4.5,4.4,,,4.3,,,,
88,Grenada,GRD,"Hospital beds (per 1,000 people)",SH.MED.BEDS.ZS,6.22222232818604,,,,,,,,,,7.253699779510501,,,,,,,,,,5.771399974823001,,,,,,,,,,8.0,,,8.1778001785,,5.5,5.2699999809,,,,6.2,,6.9,5.6999998092999995,,4.1,,2.6,2.6,2.4,,3.5,3.5,3.7,3.7,,,,,
89,Greenland,GRL,"Hospital beds (per 1,000 people)",SH.MED.BEDS.ZS,,,,,,,,,,,14.353400230407699,,,,,,,,,,,,,,,,,,,,,,,,,,,,,,,,,,,,,,,,,,,,,,,,,
90,Guatemala,GTM,"Hospital beds (per 1,000 people)",SH.MED.BEDS.ZS,2.6310875415802,,,,,,,,,,2.1710999011993404,,,,,2.00270009040833,,,,,,,,,,,1.72119998931885,,,0.8777999877929691,1.1000000238,,,1.1000000238,,,0.9800000191,,,,,,0.5,,,0.7,,0.7,0.6,0.6,0.6,0.6,0.6,,0.6,,,,,
91,Guam,GUM,"Hospital beds (per 1,000 people)",SH.MED.BEDS.ZS,,,,,,,,,,,,,,,,,,,,,,,,,,,,,,,,,,,,,,,,,,,,,,,,,,,,,,,,,,,,
92,Guyana,GUY,"Hospital beds (per 1,000 people)",SH.MED.BEDS.ZS,5.574692249298099,,,,,,,,,,4.76300001144409,,,,,4.97279977798462,,,,,,,,,,3.49200010299683,,,,,,,,3.0999999045999997,,3.1,3.8699998856,,,,,2.9,,,,2.8,2.5,1.9,,2.0,,,,,1.6,,,,,
93,High income,HIC,"Hospital beds (per 1,000 people)",SH.MED.BEDS.ZS,8.9393636328952,,,,,,,,,,9.09696610958269,,,,,,,,,,8.398349188912281,,,,,8.17360916280025,,,,,6.284007221864611,6.47211652705722,6.15975227708361,7.20710387990149,7.25639195941417,7.070741167311339,6.8397298869850705,6.70987935330212,6.675765027633849,6.54443764316363,6.30713407084759,6.0816510158386805,6.062175550803361,6.09455631068766,,5.7545812221347905,5.77215244916126,4.50971737015345,5.89554906398202,5.65050310023009,4.1559332267730404,4.04992868495098,5.43738789099673,4.11059905053985,,,,,,
94,"Hong Kong SAR, China",HKG,"Hospital beds (per 1,000 people)",SH.MED.BEDS.ZS,2.6403393745422403,,,,,,,,,,4.17829990386963,,,,,5.04129981994629,,,,,4.02099990844727,4.10979986190796,,,,4.8909001350402805,,,,,,,,,,,,,,,,,,,,,,,,,,,,,,,,,,
95,Honduras,HND,"Hospital beds (per 1,000 people)",SH.MED.BEDS.ZS,1.64625132083893,,,,,,,,,,1.75310003757477,,,,,1.7036999464035,,,,,1.32410001754761,,,,,1.30949997901917,,,,,1.0067000389,,,0.8000000119,,,1.0599999428,,,,,,1.0,,,,,,0.7,0.8,0.8,0.7,0.7,0.7,0.7,,,,,
96,Heavily indebted poor countries (HIPC),HPC,"Hospital beds (per 1,000 people)",SH.MED.BEDS.ZS,1.51654605785714,,,,,,,,,,1.42150953649845,,,,,1.5230015052052301,,,,,,,,,,,,,,,0.997742408561213,,,,,,,,,,,,,,,,0.743511693980356,,,,,,,,,,,,,
97,Croatia,HRV,"Hospital beds (per 1,000 people)",SH.MED.BEDS.ZS,,,,,,,,,,,,,,,,,,,,,7.23479986190796,7.30810022354126,7.42350006103516,7.46519994735718,7.446599960327151,7.45429992675781,7.4025998115539595,7.422500133514401,7.4416999816894505,7.39300012588501,7.3777999878,6.520100116699999,6.210100174,6.071199893999999,5.909500122100001,5.75,6.190000057200001,6.0100002289,6.059999942799999,5.929999828300001,6.2,6.0,5.7,5.6,5.5,5.5,5.5,5.5,5.5,5.4,5.6,5.7,5.9,5.9,5.89,5.6,,,,
98,Haiti,HTI,"Hospital beds (per 1,000 people)",SH.MED.BEDS.ZS,0.6088328361511229,,,,,,,,,,0.784300029277802,,,,,0.776000022888184,,,,,0.740499973297119,,,,,0.7231000065803531,,,,,0.7555999756,,,0.7990999818000001,,,0.7099999785,,,,0.7,,,,,,,1.3,,,,,,0.7,,,,,,
99,Hungary,HUN,"Hospital beds (per 1,000 people)",SH.MED.BEDS.ZS,,,,,,,,,,,,,,,,,,,,,,,,,,,,,,,,,,,9.3000001907,8.8000001907,8.8000001907,8.0,8.1000003815,8.1000003815,8.2,7.9,7.9,7.9,7.9,7.9,8.0,7.2,7.1,7.1,7.2,7.2,7.0,7.0,,,,,,
100,IBRD only,IBD,"Hospital beds (per 1,000 people)",SH.MED.BEDS.ZS,,,,,,,,,,,1.5368047936149698,,,,,1.6164170006263998,,,,,2.2610138965932403,2.2066140106678502,,,,2.8558888931655,,3.0502463170257403,,,3.4764321838150902,2.78236534567868,,,,,,,,,,,2.22738546113417,2.29726060017993,,2.43212999061717,,,,,3.20076551490717,2.6029659986802702,,,,,,,,
101,IDA & IBRD total,IBT,"Hospital beds (per 1,000 people)",SH.MED.BEDS.ZS,,,,,,,,,,,1.43833128122865,,,,,1.54563947966564,,,,,2.10818681752599,,,,,2.8234217230873297,,,,,3.0090953154875804,2.68913950909914,,,,,,,,,,,2.07536675611257,2.22112598242986,,2.2104299132657204,,,,,,2.4609253863224505,,,,,,,,
102,IDA total,IDA,"Hospital beds (per 1,000 people)",SH.MED.BEDS.ZS,1.11639778791616,,,,,,,,,,1.0069887082187,,,,,,,,,,1.2929047866838799,,,,,,,,,,1.4494300762004098,,,,,,,,,,,,,,,,,,,,,,,,,,,,,
103,IDA blend,IDB,"Hospital beds (per 1,000 people)",SH.MED.BEDS.ZS,0.8592736436568241,,,,,,,,,,1.01566681382129,,,,,0.8933406987163509,,,,,1.94659263339247,,,,,,,,,,2.26591785305807,,,,,,,,,,1.36447776116317,,,,1.1226850423938401,,,,,,,,,,,,,,,
104,Indonesia,IDN,"Hospital beds (per 1,000 people)",SH.MED.BEDS.ZS,0.740457057952881,,,,,,,,,,0.654600024223328,,,,,0.818300008773804,,,,,,,,,,0.5568000078201291,,,,0.702600002288818,0.665199995,0.6686000228,0.6650000215,0.6575999856,0.6600999832,,,,0.6,,,,0.6,,,,,,,,0.6,,0.9,,,1.2,,,,
105,IDA only,IDX,"Hospital beds (per 1,000 people)",SH.MED.BEDS.ZS,1.25864312806862,,,,,,,,,,1.00292938943994,,,,,,,,,,,,,,,,,,,,0.9749686370502809,,,,,,,,,,,,,,,,,,,,,,,,,,,,,
106,Isle of Man,IMN,"Hospital beds (per 1,000 people)",SH.MED.BEDS.ZS,1.84498372951453,,,,,,,,,,1.91323133169579,,,,,,,,,,1.7561565950241598,1.7541120950407498,,,,,,,,,1.7522383307353402,,,,,,,,,,,,,,,1.76939461735904,1.5847432589061101,,,1.58427938375929,,,,,,,,,,
107,India,IND,"Hospital beds (per 1,000 people)",SH.MED.BEDS.ZS,0.45898690819740295,,,,,,,,,,0.6044999957084661,,,,,0.588199973106384,,,,,0.769699990749359,0.7694000005722049,,,,0.7692000269889828,,0.718200027942657,,,,0.7870000005,,,,,,,,,,,0.69,0.8999999762,,0.9,,,,,,0.7,,,,,,,,
108,Not classified,INX,"Hospital beds (per 1,000 people)",SH.MED.BEDS.ZS,,,,,,,,,,,,,,,,,,,,,,,,,,,,,,,,,,,,,,,,,,,,,,,,,,,,,,,,,,,,
109,Ireland,IRL,"Hospital beds (per 1,000 people)",SH.MED.BEDS.ZS,,,,,,,,,,,,,,,,,,,,,9.0,9.0,8.80000019073486,8.60000038146973,8.39999961853027,8.199999809265138,7.900000095367429,7.199999809265139,6.400000095367429,6.199999809265139,6.099999904600001,6.0,5.6999998092999995,5.5,5.3000001907,5.1999998093,5.0999999046,4.9000000954,4.8000001907,4.6999998093,6.2,5.9,5.8,5.7,5.7,5.5,5.3,5.2,4.9,3.2,3.0,2.9,2.8,2.8,,,,,,
110,"Iran, Islamic Rep.",IRN,"Hospital beds (per 1,000 people)",SH.MED.BEDS.ZS,0.9256750345230099,,,,,,,,,,1.37960004806519,,,,,,,,,,1.4805999994278,1.51559996604919,,,,,,1.51049995422363,1.4837000370025601,,1.4330999851,,,,,,1.6000000238,,,,1.6,1.6,1.6,1.6,1.6,1.7,1.7,1.7,1.4,1.4,1.7,1.7,0.1,1.5,1.5,,,,,
111,Iraq,IRQ,"Hospital beds (per 1,000 people)",SH.MED.BEDS.ZS,1.8580399751663201,,,,,,,,,,1.9509999752044698,,,,,,,,,,1.94640004634857,1.89310002326965,,,,,,,,1.7138999700546298,1.6596000194999998,,,,,,,,1.4500000477000001,,1.2,1.3,1.3,1.3,1.3,1.3,1.3,1.3,1.3,1.3,1.3,1.3,1.3,1.3,1.4,,,,,
112,Iceland,ISL,"Hospital beds (per 1,000 people)",SH.MED.BEDS.ZS,9.80000019073486,,,,,,,,,,12.8999996185303,,,,,,,,,,14.8000001907349,,,,,15.8000001907349,,,,,16.7000007629,16.2999992371,15.899999618499999,14.800000190699999,14.699999809300001,14.600000381500001,,,,,,,7.5,,,,5.3391,4.2,3.9,3.7,3.6,3.3,3.3,3.2,3.2,,,,,
113,Israel,ISR,"Hospital beds (per 1,000 people)",SH.MED.BEDS.ZS,6.73793745040894,,,,,,,,,,,,,,,8.07929992675781,,,,,6.797399997711179,6.7294001579284695,6.76660013198853,6.543499946594241,6.496600151062009,6.50950002670288,6.3801999092102095,6.2898998260498,6.31689977645874,6.28369998931885,6.2431998253,5.9699997902,5.989500045800001,6.077899932899999,6.1012001038,5.980000019099999,6.0300002098,6.0500001907000005,6.099999904600001,6.1199998855999995,3.7,3.8,3.8,3.8,3.7,3.7,3.4,5.8,3.2,3.2,3.2,3.1,3.1,3.1,,,,,,
114,Italy,ITA,"Hospital beds (per 1,000 people)",SH.MED.BEDS.ZS,8.89999961853027,9.0,9.19999980926514,9.30000019073486,9.5,9.60000038146973,9.69999980926514,9.89999961853027,10.1000003814697,10.3000001907349,10.6000003814697,10.6000003814697,10.6000003814697,10.5,10.6000003814697,10.6000003814697,10.3999996185303,10.3000001907349,10.0,9.80000019073486,9.60000038146973,9.39999961853027,9.10000038146973,8.89999961853027,8.5,8.300000190734862,8.0,7.800000190734861,7.5,7.099999904632571,7.1999998092999995,6.8000001907000005,6.900000095399999,6.6999998092999995,6.599999904600001,6.3000001907000005,6.5,5.900000095399999,5.5,4.9000000954,4.7,4.6,4.4,4.2,4.0,4.0,3.9,3.8,3.7,3.6,3.6,3.5,3.4,,,,,,,
115,Jamaica,JAM,"Hospital beds (per 1,000 people)",SH.MED.BEDS.ZS,4.145488262176509,,,,,,,,,,4.104899883270259,,,,,4.9994997978210405,,,,,,,,,,3.33330011367798,,,,2.40009999275208,2.2000000477,,,2.1003000736,,2.1,2.1199998856,,,,,1.5,1.5,1.3999999762,1.8,1.7,2.0,1.7,,1.7,1.8,,1.7,1.7,,,,,,
116,Jordan,JOR,"Hospital beds (per 1,000 people)",SH.MED.BEDS.ZS,3.60545015335083,,,,,,,,,,1.12800002098083,,,,,1.02600002288818,,,,,1.2576999664306598,1.2063000202178997,,,,1.20550000667572,,,,,1.7977999449000002,,,,1.6302000284,,,1.7999999522999999,,,1.7,1.7,1.7,1.7,1.7,1.7,1.9,1.9,1.8,1.8,1.8,1.8,1.8,1.8,1.9,1.4,,,,
117,Japan,JPN,"Hospital beds (per 1,000 people)",SH.MED.BEDS.ZS,9.0,,,,,,,,,,12.5,,,,,,,,,,13.6999998092651,,,,,14.6999998092651,,,,,,,,15.600000381500001,15.5,15.399999618499999,15.199999809300001,15.100000381500001,15.0,14.800000190699999,14.699999809300001,12.9,14.399999618499999,14.300000190699999,13.9,14.1,13.98,,13.8,13.7,,,13.4,,,,,,,
118,Kazakhstan,KAZ,"Hospital beds (per 1,000 people)",SH.MED.BEDS.ZS,,,,,,,,,,,,,,,,,,,,,13.0934000015259,13.229100227356,13.311499595642099,13.3694000244141,13.5123996734619,13.585700035095199,13.5607004165649,13.5560998916626,13.5441999435425,13.630000114440902,13.6660995483,13.708999633800001,13.4618997574,13.166500091600001,12.1447000504,11.649999618499999,10.3299999237,8.4499998093,8.1899995804,7.25,7.2,7.0,7.0,7.7,7.8,7.8,7.8,7.7,7.7,7.6,7.3,7.1,7.0,6.7,,,,,,
119,Kenya,KEN,"Hospital beds (per 1,000 people)",SH.MED.BEDS.ZS,1.2504800558090199,,,,,,,,,,1.26429998874664,,,,,1.25,,,,,,,,,,1.7071000337600701,,,,1.4362000226974498,1.6471999884,,,,,,,,,,,,1.9,,1.4,,1.4,,,,1.4,,,,,,,,,
120,Kyrgyz Republic,KGZ,"Hospital beds (per 1,000 people)",SH.MED.BEDS.ZS,,,,,,,,,,,,,,,,,,,,,12.0114002227783,12.118499755859402,12.1033000946045,11.936499595642099,11.977100372314501,12.030400276184098,12.0309000015259,12.0642004013062,11.947400093078599,11.9720001220703,11.9772996902,12.0579996109,11.9320001602,10.7455997467,9.6052999496,8.6400003433,8.4099998474,8.6000003815,8.3000001907,7.4699997902,7.0,6.2,5.5,5.3,5.1,5.1,5.1,5.1,5.0,4.8,4.8,4.7,4.6,4.5,,,,,,
121,Cambodia,KHM,"Hospital beds (per 1,000 people)",SH.MED.BEDS.ZS,0.746548891067505,,,,,,,,,,1.0809999704361,,,,,,,,,,,,,,,,,,2.0987000465393097,,2.0720999240999998,,,,,,,,,,,0.6,,,0.1,,,,,,0.84,0.7,,0.7,,0.8,,,,
122,Kiribati,KIR,"Hospital beds (per 1,000 people)",SH.MED.BEDS.ZS,6.36363649368286,,,,,,,,,,12.3312997817993,,,,,,,,,,5.09469985961914,4.7683000564575195,,,,,,,,,4.2718000412,,,,,,,,1.7999999522999999,,,,,,1.5,1.51,,,,1.5,1.4,1.3,,,,1.9,,,,
123,St. Kitts and Nevis,KNA,"Hospital beds (per 1,000 people)",SH.MED.BEDS.ZS,3.8627450466156,,,,,,,,,,5.946499824523929,,,,,,,,,,8.53600025177002,,,,,,,,,,9.1999998093,,,,,6.4,6.3600001335,,,,,4.3,5.5,5.5,6.0,5.7,,,5.5,6.0,4.8,4.8,2.3,,,,,,,
124,"Korea, Rep.",KOR,"Hospital beds (per 1,000 people)",SH.MED.BEDS.ZS,,,,,,,,,,,,,,,,,,,,,1.70000004768372,,,,,2.4000000953674303,,,,3.0,3.0999999045999997,3.2999999523000003,3.5,3.7000000476999997,4.0999999046,4.4000000954,4.5999999046,4.8000001907,5.0999999046,5.599999904600001,6.099999904600001,6.099999904600001,6.6,7.099999904600001,8.6,,8.64,,12.3,10.3,,,10.3,,,11.5,,,,
125,Kuwait,KWT,"Hospital beds (per 1,000 people)",SH.MED.BEDS.ZS,6.79856109619141,,,,,,,,,,4.83470010757446,,,,,,,,,,4.1447000503539995,,,,,,,,,2.98539996147156,,,,,,,,2.7599999905000003,,,2.4,2.3,2.2,2.2,2.1,1.9,1.9,1.9,1.8,2.0,2.0,1.9,2.2,2.2,2.0,,,,,
126,Latin America & Caribbean (excluding high income),LAC,"Hospital beds (per 1,000 people)",SH.MED.BEDS.ZS,3.36439866941817,,,,,,,,,,3.4023376263007497,,,,,,,,,,,,,,,,,,,,2.4378533258951602,,,2.5268369042786802,,,2.21376647363378,,,,,,,,,,,,,1.94051900207479,2.2444139681495296,1.99227146679025,2.0912725042613403,2.12930928378679,2.1629051321494903,,,,,
127,Lao PDR,LAO,"Hospital beds (per 1,000 people)",SH.MED.BEDS.ZS,0.47220945358276395,,,,,,,,,,0.9273999929428101,,,,,,,,,,,,,,,,,,,,2.5697999001,,,,,,,,,,,,0.9,,,1.2,,,,,0.7,,1.5,,,,,,,
128,Lebanon,LBN,"Hospital beds (per 1,000 people)",SH.MED.BEDS.ZS,4.58133935928345,,,,,,,,,,4.09870004653931,,,,,,,,,,,,,,,,,,,,1.6505999565,,3.0827000141000003,,,,,2.7000000476999997,,,3.1,3.0,3.0,3.0,3.0,3.6,3.6,3.4,3.4,3.5,3.5,3.5,3.5,2.9,2.9,,,,,
129,Liberia,LBR,"Hospital beds (per 1,000 people)",SH.MED.BEDS.ZS,1.322425365448,,,,,,,,,,1.57690000534058,,,,,1.64699995517731,,,,,,,,,,,,,,,,,,,,,,,,,,,,,,,,,,0.7,0.8,,,,,,,,,
130,Libya,LBY,"Hospital beds (per 1,000 people)",SH.MED.BEDS.ZS,2.7553744316101096,,,,,,,,,,3.81369996070862,,,,,,,,,,,4.82550001144409,,,,,,,,,4.1729998589,,,,,,,4.3000001907,,,4.1,3.9,3.9,3.9,3.9,3.4,3.7,3.7,3.7,3.7,3.7,3.7,3.7,3.7,3.7,,,,,
131,St. Lucia,LCA,"Hospital beds (per 1,000 people)",SH.MED.BEDS.ZS,4.28042554855347,,,,,,,,,,5.04930019378662,,,,,,,,,,,,,,,,,,,,4.0,,,4.3517999649000005,,3.3,3.3800001144,,,,2.3,,3.2000000476999997,2.9,,3.0,2.9,2.8,,1.5,,1.6,,1.3,,,,,,
132,Latin America & Caribbean,LCN,"Hospital beds (per 1,000 people)",SH.MED.BEDS.ZS,3.43112064696699,,,,,,,,,,3.46480231488142,,,,,,,,,,,,,,,,,,,,2.48553373779449,,,2.5614832283870497,,,2.2657622711136804,,,,,,,,,,,,,1.95512880053793,2.2329149699344,2.00353212189201,2.1029889325086497,2.13931163133949,2.17327725929248,,,,,
133,Least developed countries: UN classification,LDC,"Hospital beds (per 1,000 people)",SH.MED.BEDS.ZS,1.27344621069723,,,,,,,,,,0.996655135687328,,,,,,,,,,,,,,,,,,,,0.731796545820335,,,,,,,,,,,,,,,,,,,,,,,,,,,,,
134,Low income,LIC,"Hospital beds (per 1,000 people)",SH.MED.BEDS.ZS,1.3224246750025401,,,,,,,,,,1.1863437178799598,,,,,,,,,,,,,,,,,,,,1.00570678882807,,,,,,,,,,,,,,,,1.15048405799908,,,,,,,,,,,,,
135,Liechtenstein,LIE,"Hospital beds (per 1,000 people)",SH.MED.BEDS.ZS,,,,,,,,,,,,,,,,,,,,,,,,,,,,,,,,,,,,,,,,,,,,,,,,,,,,,,,,,,,,
136,Sri Lanka,LKA,"Hospital beds (per 1,000 people)",SH.MED.BEDS.ZS,3.1388411521911603,,,,,,,,,,3.01690006256104,,,,,3.33330011367798,,,,,2.94400000572205,2.93759989738464,,,,,,,,2.4030001163482697,2.7434999943,,,,,,,,,2.2000000477,2.9,3.0,3.1,,3.1,,,,,,3.5,,3.6,,,,,,,
137,Lower middle income,LMC,"Hospital beds (per 1,000 people)",SH.MED.BEDS.ZS,0.7100965852398509,,,,,,,,,,0.802079284374264,,,,,0.828839889806286,,,,,1.6251294374163898,1.5483147272079198,,,,1.52128541588843,,,,,,1.4456309119477,,,,,,,,,,,1.03712704246169,,,1.25861963304128,,,,,,0.9861236313928969,,,,,,,,
138,Low & middle income,LMY,"Hospital beds (per 1,000 people)",SH.MED.BEDS.ZS,,,,,,,,,,,1.38098912651963,,,,,1.53867790544218,,,,,2.04732496383398,,,,,2.77420331395729,,,,,2.9768584535402,2.6474835334785296,,,,,,,,,,,2.09855181083095,2.17670596713547,,2.17451827897465,,,,,,2.43200610494476,,,,,,,,
139,Lesotho,LSO,"Hospital beds (per 1,000 people)",SH.MED.BEDS.ZS,1.1037204265594498,,,,,,,,,,1.744500041008,,,,,1.6283999681472798,,,,,,,,,,,,,,,,,,,,,,,,,,,,,,,1.3,,,,,,,,,,,,,
140,Late-demographic dividend,LTE,"Hospital beds (per 1,000 people)",SH.MED.BEDS.ZS,,,,,,,,,,,1.9564033100507598,,,,,2.23614846998734,,,,,2.82024575630407,2.70068471304322,,,,4.0339522633416705,4.077111296699149,4.0637433594949295,4.17893331407941,4.01479623275118,3.8877871336899705,4.0509509294539905,3.9745962079437596,3.9313110523409103,3.9160384262014802,3.83192442784307,3.67262358403004,3.6006557187023995,3.6985277096140297,3.56132063387223,3.497737942789,3.4024032797377206,3.36309444202862,3.1801862390841,3.6897837375996,3.1701934077918197,3.0735014821081204,,,4.3106498908311,3.8515000888970095,3.93751287811566,4.2193819656913,,,,,,,
141,Lithuania,LTU,"Hospital beds (per 1,000 people)",SH.MED.BEDS.ZS,,,,,,,,,,,,,,,,,,,,,12.066399574279801,,,,,12.7760000228882,12.7692003250122,12.8029003143311,12.805399894714402,12.6358003616333,12.4871997833,12.4653997421,12.0453996658,11.9105997086,11.283800125099999,11.0900001526,10.880000114400001,10.1899995804,10.029999733,9.8500003815,8.8,8.3,8.1,7.9,7.6,7.3,7.1,7.2,6.8,6.8,7.2,7.4,7.4,7.3,,,,,,
142,Luxembourg,LUX,"Hospital beds (per 1,000 people)",SH.MED.BEDS.ZS,,,,,,,,,,,,,,,,,,,,,,,,,,,8.10000038146973,8.0,7.900000095367429,7.800000190734861,7.599999904600001,7.5,7.3000001907000005,7.400000095399999,7.1999998092999995,7.099999904600001,7.0,6.900000095399999,6.8000001907000005,6.3000001907000005,6.1999998092999995,6.099999904600001,6.0,6.0,6.4,5.8,5.7,5.7,5.6,5.6,5.4,5.3,5.2,5.1,4.9,4.8,,,,
143,Latvia,LVA,"Hospital beds (per 1,000 people)",SH.MED.BEDS.ZS,,,,,,,,,,,,,,,,,,,,,13.8909997940063,,,,,14.308600425720199,14.1928997039795,14.239000320434599,14.0949001312256,14.023500442504899,14.0754003525,13.6218996048,12.9406003952,12.2314996719,12.0551996231,11.1899995804,10.4399995804,9.8000001907,9.4099998474,9.029999733,8.8,8.3,7.9,8.0,7.9,7.9,7.8,7.8,7.8,6.7,5.7,5.9,5.9,5.8,,,,,,
144,"Macao SAR, China",MAC,"Hospital beds (per 1,000 people)",SH.MED.BEDS.ZS,10.1213865280151,,,,,,,,,,5.2953000068664595,,,,,,,,,,,,,,,,,,,,,,,,,,,,,,,,,,,,,,,,,,,,,,,,,
145,St. Martin (French part),MAF,"Hospital beds (per 1,000 people)",SH.MED.BEDS.ZS,,,,,,,,,,,,,,,,,,,,,,,,,,,,,,,,,,,,,,,,,,,,,,,,,,,,,,,,,,,,
146,Morocco,MAR,"Hospital beds (per 1,000 people)",SH.MED.BEDS.ZS,1.5984001159668002,,,,,,,,,,1.47420001029968,,,,,1.42859995365143,,,,,,1.22819995880127,,,,1.2668999433517498,,,,,1.2899999619,,,,1.1123000383,,,0.9800000191,,,1.1,0.9,1.1,0.8,0.9,0.9,0.9,0.9,1.1,1.1,1.1,0.9,0.9,0.9,1.1,,,,,
147,Monaco,MCO,"Hospital beds (per 1,000 people)",SH.MED.BEDS.ZS,,,,,,,,,,,,,,,,,,,,,,,,,,,,,,18.1070995330811,,,21.678600311300002,,,19.5699996948,,,,,,,,,,,,,,,,16.46,13.8,,,,,,,
148,Moldova,MDA,"Hospital beds (per 1,000 people)",SH.MED.BEDS.ZS,,,,,,,,,,,,,,,,,,,,,12.0548000335693,12.0820999145508,12.0510997772217,12.0797996520996,12.143500328064,12.2204999923706,12.435500144958501,12.667599678039599,12.763699531555199,12.727499961853,13.1478004456,13.1162004471,12.7903003693,12.4827003479,12.221500396700002,12.210000038099999,12.130000114400001,11.619999885599999,11.2299995422,8.1899995804,6.0,5.9,5.8,6.7,6.4,6.4,6.3,6.1,6.1,6.2,6.2,6.2,6.2,5.8,,,,,,
149,Madagascar,MDG,"Hospital beds (per 1,000 people)",SH.MED.BEDS.ZS,2.4061858654022203,,,,,,,,,,2.7908000946044904,,,,,2.43129992485046,,,,,,,,,,,,,,,0.9359999895000001,,,,,,,,,,,,0.41999998689999996,,,0.3,,,,,0.2,,,,,,,,,
150,Maldives,MDV,"Hospital beds (per 1,000 people)",SH.MED.BEDS.ZS,,,,,,,,,,,,,,,,,,,,,,,,,,,,,,,0.7627999783,,,,,,,,,,1.7000000477000001,,2.26,2.3,,2.6,,,,4.3,,,,,,,,,,
151,Middle East & North Africa,MEA,"Hospital beds (per 1,000 people)",SH.MED.BEDS.ZS,1.9331006354810403,,,,,,,,,,1.89845894451313,,,,,,,,,,,1.87096474395638,,,,,,,,,1.89196202675602,,,,,,,,,,1.76591672392289,1.81829442473539,1.7626533153357398,1.7627151693958998,1.7772822143972098,1.7923227634318601,1.81579349795661,1.82777054669108,1.71986050085007,1.6250136434827598,1.68764488706148,1.3566931117735401,1.0193624897615898,1.31563228854746,1.62848507118594,,,,,
152,Mexico,MEX,"Hospital beds (per 1,000 people)",SH.MED.BEDS.ZS,,,,,,,,,,,,,,,,,,,,,0.699999988079071,,,,,,,,,,1.0,1.1000000238,1.2000000477,1.2000000477,1.2000000477,1.2000000477,1.2000000477,1.1000000238,1.1000000238,1.1000000238,1.1000000238,1.1000000238,1.1000000238,1.0,1.0,,1.6,1.7,1.6,1.6,1.7,1.5,1.5,1.6,,1.5,,,,
153,Marshall Islands,MHL,"Hospital beds (per 1,000 people)",SH.MED.BEDS.ZS,,,,,,,,,,,,,,,,,,,,,,,,,,,,,,,2.2727000713,,,,,,,,,2.1,,,,,,,,,,2.7,2.7,,,,,,,,,
154,Middle income,MIC,"Hospital beds (per 1,000 people)",SH.MED.BEDS.ZS,,,,,,,,,,,1.3954225799369198,,,,,1.5571067342920402,,,,,2.10090554970995,2.0784691142642098,,,,2.78641321894984,,3.1341277872994198,,,3.1426551164782297,2.6688204860042597,,,,,,,,,,,2.07071248141882,2.19869309988689,,2.2506053473453598,,,,,,2.4006731205897798,,,,,,,,
155,North Macedonia,MKD,"Hospital beds (per 1,000 people)",SH.MED.BEDS.ZS,,,,,,,,,,,5.4503002166748,5.44339990615845,5.49429988861084,5.4028000831604,5.46439981460571,5.4443998336792,5.31090021133423,5.269800186157231,5.1737999916076705,5.24370002746582,5.19850015640259,5.18160009384155,5.36460018157959,5.338300228118901,5.40290021896362,5.51189994812012,5.4994997978210405,5.433599948883059,5.47429990768433,5.499000072479251,5.9477000237,5.7873001099,5.696400165599999,5.6005997658,5.5500001907000005,5.4099998474,5.1999998093,5.1599998474,5.1500000954,5.0999999046,5.1,4.9,4.8,4.8,4.8,4.7,4.6,4.6,4.5,4.5,4.6,4.5,4.4,4.4,,,,,,
156,Mali,MLI,"Hospital beds (per 1,000 people)",SH.MED.BEDS.ZS,0.6685057282447809,,,,,,,,,,0.679099977016449,,,,,0.7142999768257141,,,,,,,,,,,,,,,,,,,,,,,0.23999999460000002,,,,,,,0.3,,,0.6,,0.1,,,,,,,,,
157,Malta,MLT,"Hospital beds (per 1,000 people)",SH.MED.BEDS.ZS,9.2583589553833,,,,,,,,,,,,,,,,,,,,,,,,9.46389961242676,,,9.33530044555664,9.25730037689209,9.44110012054443,,,,5.8432002068,5.6210999488999995,5.429999828300001,5.7800002098,5.6399998665,5.6100001335,5.570000171699999,5.5,7.6,7.5,7.4,7.5,7.4,7.6,7.8,7.4,4.9,4.5,4.4,4.7,4.8,4.7,,,,,
158,Myanmar,MMR,"Hospital beds (per 1,000 people)",SH.MED.BEDS.ZS,0.663009285926819,,,,,,,,,,0.85809999704361,,,,,,,,,,0.857100009918213,0.8575999736785892,,,,,,,,,0.635800004,,,,,,,,,,0.7,,0.63,,,,0.6,,,,,,0.9,,,,,,,
159,Middle East & North Africa (excluding high income),MNA,"Hospital beds (per 1,000 people)",SH.MED.BEDS.ZS,1.84397601817328,,,,,,,,,,1.90695292166014,,,,,,,,,,1.74731054736123,1.75200058385951,,,,,,,,,1.7499535727127,,,,,,,,,,1.64367507187058,1.62365238439819,1.6468667484683401,1.6465710800131201,1.676196436388,1.6734739443482802,1.71212481992556,1.67212202670376,1.6216907116887,1.5134445200018898,1.5884314964685902,1.23330757247811,0.827081150184223,1.16300785053231,1.51669671692738,,,,,
160,Montenegro,MNE,"Hospital beds (per 1,000 people)",SH.MED.BEDS.ZS,,,,,,,,,,,,,,,,,,,,,,,,,,,,,,,,,,,,,,,,,4.2,4.3,4.2,4.2,4.2,4.2,4.1,4.0,3.9,3.9,4.0,4.0,4.0,,,,,,,
161,Mongolia,MNG,"Hospital beds (per 1,000 people)",SH.MED.BEDS.ZS,8.681960105896,,,,,,,,,,9.49520015716553,,,,,,,,,,11.197199821472198,11.028900146484402,,,,,,,,,,11.486499786400001,,,,,,,,,,,7.5,,6.0,,6.4,6.11,,5.9,5.8,6.75,7.0,,,,,,,
162,Northern Mariana Islands,MNP,"Hospital beds (per 1,000 people)",SH.MED.BEDS.ZS,,,,,,,,,,,,,,,,,,,,,,,,,,,,,,,,,,,,,,,,,,,,,,,,,,,,,,,,,,,,
163,Mozambique,MOZ,"Hospital beds (per 1,000 people)",SH.MED.BEDS.ZS,0.808872818946838,,,,,,,,,,1.17519998550415,,,,,,,,,,1.0896999835968002,,,,,,,,,,0.8671000004,,,,,,,,,,,,,,,,0.8,0.8,,,,0.7,,,,,,,,
164,Mauritania,MRT,"Hospital beds (per 1,000 people)",SH.MED.BEDS.ZS,0.20484359562397,,,,,,,,,,0.34400001168251,,,,,0.344300001859665,,,,,,,,,0.7675999999046329,,,,,,0.6654000282,,,,,,,,,,,,,,,,0.4,,,,,,,,,,,,,
165,Mauritius,MUS,"Hospital beds (per 1,000 people)",SH.MED.BEDS.ZS,4.71666669845581,,,,,,,,,,3.95160007476807,,,,,3.2997000217437704,,,,,3.12220001220703,,,,,3.3464999198913596,,,,,,2.8866000175,3.1350998877999996,3.0947999954000003,3.0745999813,,,,,,,,,,,3.0,,,3.3,,,3.4,,,,,,,,
166,Malawi,MWI,"Hospital beds (per 1,000 people)",SH.MED.BEDS.ZS,1.11873054504395,,,,,,,,,,1.53849995136261,,,,,,,,,,,,,,,,,,,0.841899991035461,1.5506999493,,,,,,,,1.3400000334,,,,,,,,,1.1,,,,1.3,,,,,,,,
167,Malaysia,MYS,"Hospital beds (per 1,000 people)",SH.MED.BEDS.ZS,3.72813272476196,,,,,,,,,,3.46970009803772,,,,,3.34669995307922,,,,,,2.2783000469207795,,,,2.5576000213623,,2.4779000282287598,,2.33949995040894,2.1305999756,2.0938999653,2.0606999397,2.0295000076,2.0215001106,2.0299999713999997,2.0099999905000003,,,,,1.8,,,,1.8,1.9,1.76,,1.8,1.8,1.79,1.9,,,1.9,,,,
168,North America,NAC,"Hospital beds (per 1,000 people)",SH.MED.BEDS.ZS,8.92944373833657,,,,,8.80000019073486,,,,,7.81522254812914,7.5,7.400000095367429,7.199999809265139,7.099999904632571,6.800000190734861,6.629131952031161,6.44862563236745,6.26803619627514,6.16796637585235,6.077907707601299,5.9976064256276,5.98803330382625,5.89788027491548,5.80774393530127,5.62736569897019,5.52744604873413,5.33777554044616,5.23825912935674,5.12937017991763,5.00984032705189,4.8997709459408805,4.68962946264769,4.58945236880738,4.3000001907,4.189221282729751,3.9697892787830003,3.85930520827451,3.7492717056806804,3.6294736432806403,3.49019149357835,3.5196341171789505,3.4294936897127903,3.3295047413868,,3.21967520037323,3.12952506461937,3.1,3.12956691572142,3.10987921654293,2.97028678600958,2.88014604890388,2.8800829757865696,2.9,,,,,,
169,Namibia,NAM,"Hospital beds (per 1,000 people)",SH.MED.BEDS.ZS,,,,,,,,,,,,,,,,,,,,,,,,,,,,,,,,,,,,,,,,,,,,,,,3.3,,,2.7,,,,,,,,,,
170,New Caledonia,NCL,"Hospital beds (per 1,000 people)",SH.MED.BEDS.ZS,,,,,,,,,,,,,,,,,,,,,,,,,,,,,,,,,,,,,,,,,,,,,,,,,,,,,,,,,,,,
171,Niger,NER,"Hospital beds (per 1,000 people)",SH.MED.BEDS.ZS,0.40949088335037204,,,,,,,,,,0.49470001459121704,,,,,0.49529999494552596,,,,,,,,,,,,0.543900012969971,,,,,,,0.19460000100000002,0.11999999730000001,0.11999999730000001,0.18000000719999998,0.11999999730000001,,,,,,,0.3,,,,,,,,,,0.3,,,,
172,Nigeria,NGA,"Hospital beds (per 1,000 people)",SH.MED.BEDS.ZS,0.418167114257813,,,,,,,,,,0.559800028800964,,,,,0.5558000206947329,,,,,0.866199970245361,,,,,,,,6.370299816131589,,1.668200016,,,,,,,,,,1.2,,,,0.5,,,,,,,,,,,,,,,
173,Nicaragua,NIC,"Hospital beds (per 1,000 people)",SH.MED.BEDS.ZS,2.15823602676392,,,,,,,,,,2.28029990196228,,,,,2.4119000434875497,,,,,,,,,,2.4059998989105202,,,,1.82690000534058,1.8213000298,,,1.7999999522999999,,,1.4800000191,,,,,,,0.8999999762,0.9,0.9,1.0,0.9,0.9,,0.8,1.1,0.9,0.9,0.9,,,,,
174,Netherlands,NLD,"Hospital beds (per 1,000 people)",SH.MED.BEDS.ZS,,,,,,,,,,,,,,,,,,,,,,,,,,,,,,,5.8000001907000005,5.6999998092999995,5.6999998092999995,5.599999904600001,5.400000095399999,5.3000001907,5.1999998093,5.1999998093,5.0999999046,5.0,4.8,4.7,4.6,4.5,4.5,4.5,4.8,4.7,4.3,4.7,,,,,,,,,,
175,Norway,NOR,"Hospital beds (per 1,000 people)",SH.MED.BEDS.ZS,,,,,,,,,,,,,,,,,,,,,,,,,,,5.900000095367429,5.699999809265139,5.300000190734861,4.800000190734861,4.5999999046,4.4000000954,4.3000001907,4.1999998093,4.0999999046,4.0,4.0,4.0,4.0,3.9000000954000003,3.8,3.8,5.0,5.0,5.2,5.2,5.0,4.9,3.5,3.3,4.3,4.2,4.0,3.9,,,,,,
176,Nepal,NPL,"Hospital beds (per 1,000 people)",SH.MED.BEDS.ZS,0.115763798356056,,,,,,,,,,0.13529999554157301,,,,,0.137700006365776,,,,,0.175600007176399,,,,,0.18019999563694,,0.226999998092651,0.23980000615119898,0.244299992918968,0.243599996,0.2372000068,0.2425999939,0.23870000239999997,0.23229999839999999,0.1700000018,0.1599999964,0.1700000018,,0.200000003,,0.2,0.15,,,,5.0,,,,,,0.3,,,,,,,
177,Nauru,NRU,"Hospital beds (per 1,000 people)",SH.MED.BEDS.ZS,,,,,,,,,,,,,,,,,,,,,,,,,,,,,,,,,,,,,,,,,,,,,3.5,,,3.5,,,5.0,,,,,,,,,
178,New Zealand,NZL,"Hospital beds (per 1,000 people)",SH.MED.BEDS.ZS,11.6999998092651,,,,,,,,,,10.8000001907349,,,,,,,,,,10.1999998092651,,,,,9.5,,,,,8.5,7.400000095399999,7.099999904600001,6.5,6.6999998092999995,6.1999998092999995,6.099999904600001,6.099999904600001,6.1999998092999995,,,,6.2,,,,,,,,,2.3,,2.8,,,,,,
179,OECD members,OED,"Hospital beds (per 1,000 people)",SH.MED.BEDS.ZS,8.744213162474031,,,,,,,,,,8.89479056237298,,,,,,,,,,7.73506537700406,,,,,7.98721030733145,,,,,5.71666442264024,5.7925378818996105,5.522542182661559,6.55690238441742,6.546552462756869,6.328331397056901,6.171631254738539,6.088808689180159,5.97393592744171,5.849652388682361,5.731036919166759,5.5090008768332,5.53957589085332,5.550100639873531,6.23700533379275,5.686767161343339,5.34412226761791,4.1456206018053505,5.4420559327807805,5.24128227619347,3.87638581078794,3.77541260427486,5.0528859579901795,3.81428042462959,,,,,,
180,Oman,OMN,"Hospital beds (per 1,000 people)",SH.MED.BEDS.ZS,0.33512544631958,,,,,,,,,,,,,,,,,,,,1.62030005455017,1.60759997367859,,,,,,,,2.5072000026702903,2.1087999344,,,,,,,,2.2000000477,,2.2,2.1,2.0,2.0,2.2,2.1,2.1,2.0,2.0,1.8,1.8,1.8,1.7,1.7,1.6,,,,,
181,Other small states,OSS,"Hospital beds (per 1,000 people)",SH.MED.BEDS.ZS,,,,,,,,,,,,,,,,,,,,,,,,,,,,,,,,,,,,,,,,,,,,,,,,,,,,,,,,,,,,
182,Pakistan,PAK,"Hospital beds (per 1,000 people)",SH.MED.BEDS.ZS,0.55726158618927,,,,,,,,,,0.520799994468689,,,,,0.526300013065338,,,,,0.573099970817566,0.5692999958991999,,,,,0.599500000476837,,,0.604300022125244,0.6399999857,0.6521999836,0.6446999907000001,0.6514999866,,,,,,,0.7,0.7,0.7,0.7,0.7,0.7,1.3,1.0,0.6,0.6,0.6,0.6,0.6,0.6,0.6,,,,,
183,Panama,PAN,"Hospital beds (per 1,000 people)",SH.MED.BEDS.ZS,3.7753107547759996,,,,,,,,,,2.9741001129150404,,,,,3.3817000389099103,,,,,,,,,,3.3533000946044904,,,,,2.5,,,2.7000000476999997,,,2.2100000381,,,,,,2.5,,2.4,2.2,2.3,2.3,2.3,2.3,2.4,2.2,2.3,2.3,,,,,,
184,Peru,PER,"Hospital beds (per 1,000 people)",SH.MED.BEDS.ZS,2.4114389419555695,,,,,,,,,,2.17280006408691,,,,,2.5,,,,,,,,,,1.6844999790191697,,,,,1.4132000208000002,,1.5,1.2999999523,1.3571000099000001,,1.4700000286000001,,,,,,,1.3999999762,0.9,,,1.2,1.5,1.6,1.5,1.5,1.5,1.5,1.6,,,,,
185,Philippines,PHL,"Hospital beds (per 1,000 people)",SH.MED.BEDS.ZS,0.838957667350769,,,,,,,,,,1.18980002403259,,,,,1.70949995517731,1.70940005779266,,,,1.708899974823,,1.71350002288818,1.7146999835968,1.7152999639511102,1.75569999217987,1.71420001983643,,,,1.3918999434000001,1.2745000123999999,1.3701000213999999,1.0710999965999999,,,,,,,,1.0,0.5,,,,0.5,0.5,0.5,0.5,0.5,1.0,,,,,,,,
186,Palau,PLW,"Hospital beds (per 1,000 people)",SH.MED.BEDS.ZS,,,,,,,,,,,,,,,,,,,,,,,,,,,,,,,,,,,,,,,4.4,,,,,,,,5.9,5.0,,4.9,4.8,,,,,,,,,
187,Papua New Guinea,PNG,"Hospital beds (per 1,000 people)",SH.MED.BEDS.ZS,,,,,,,,,,,6.6023998260498,,,,,4.94320011138916,,,,,5.544400215148929,,,,4.99830007553101,4.735400199890139,,,,3.32990002632141,4.0241999626,,,,,,,,,,,,,,,,,,,,,,,,,,,,,
188,Poland,POL,"Hospital beds (per 1,000 people)",SH.MED.BEDS.ZS,4.59999990463257,,,,,,,,,,5.199999809265139,,,,,,,,,,5.599999904632571,,,,,5.699999809265139,,,,,5.6999998092999995,5.6999998092999995,5.599999904600001,5.599999904600001,5.599999904600001,5.5,5.5,5.400000095399999,5.3000001907,5.0999999046,4.9000000954,,5.599999904600001,6.7,6.7,6.5,6.5,6.4,6.6,6.7,6.5,6.5,6.5,6.5,,,,,,
189,Pre-demographic dividend,PRE,"Hospital beds (per 1,000 people)",SH.MED.BEDS.ZS,1.42186305618065,,,,,,,,,,1.36862799407771,,,,,,,,,,,,,,,,,,,,1.3293418500642,,,,,,,,,,,,,,,,,,,,,,,,,,,,,
190,Puerto Rico,PRI,"Hospital beds (per 1,000 people)",SH.MED.BEDS.ZS,,,,,,,,,,,,,,,,,,,,,,,,,,,,,,,,,,,,,3.3199999332,,,,,,,,,,,,,,,,,,,,,,,
191,"Korea, Dem. Peoples Rep.",PRK,"Hospital beds (per 1,000 people)",SH.MED.BEDS.ZS,,,,,,,,,,,,,,,,,,,,,,,,,,,,,,,,,,,,,,,,,,,13.2,,,,,,,,14.3,,13.2,,,,,,,
192,Portugal,PRT,"Hospital beds (per 1,000 people)",SH.MED.BEDS.ZS,,,,,,,,,,,,,,,,,,,,,,,,,,4.0,4.0,4.0,4.0,4.099999904632569,4.0999999046,4.0999999046,4.0,3.9000000954000003,3.9000000954000003,3.9000000954000003,4.0,3.9000000954000003,3.9000000954000003,3.7999999523000003,3.7,3.6,3.6,3.6,3.6,3.6,3.5,3.4,3.4,3.3,3.4,3.4,3.4,3.4,,,,,,
193,Paraguay,PRY,"Hospital beds (per 1,000 people)",SH.MED.BEDS.ZS,2.38925075531006,,,,,,,,,,1.62940001487732,,,,,1.68299996852875,,,,,,,,,,,,,,1.3200999498367298,0.9322000145999999,,,1.2999999523,0.6008999944,,1.3400000334,,,,,,1.2000000477,,,1.2,1.3,1.3,1.3,1.3,1.3,1.3,,,,,,,,
194,West Bank and Gaza,PSE,"Hospital beds (per 1,000 people)",SH.MED.BEDS.ZS,,,,,,,,,,,,,,,,,,,,,,,,,,,,,,,,,,,,,1.2000000477,,,,,,,,,,,,,,,,,,,,,,,
195,Pacific island small states,PSS,"Hospital beds (per 1,000 people)",SH.MED.BEDS.ZS,4.779793239833309,,,,,,,,,,4.8903319181679805,,,,,,,,,,3.6119249075781,3.70403023387242,,,,,,,,,,,,,,,,,,,,,,,,2.0768964148197,,,,,,,,,,,,,,
196,Post-demographic dividend,PST,"Hospital beds (per 1,000 people)",SH.MED.BEDS.ZS,9.28815367493373,,,,,,,,,,9.44261067538001,,,,,,,,,,8.97107634083878,,,,,8.683256491932301,,,,,7.02426655336634,7.0388774462296295,6.73902562791878,7.75985421395686,7.74035877560276,7.4887619488941395,7.28097816309209,7.08773072856596,6.92193142718446,6.779600144527531,6.67323820666154,6.37813694632942,6.456125297297111,6.3804992055193,,6.12027975091707,6.130140506629179,4.848946315364049,6.228956897237491,6.07266932365005,4.62261818303384,4.47781792355622,5.889505471963741,4.60721290884284,,,,,,
197,French Polynesia,PYF,"Hospital beds (per 1,000 people)",SH.MED.BEDS.ZS,,,,,,,,,,,,,,,,,,,,,,,,,,,,,,,,,,,,,,,,,,,,,,,,,,,,,,,,,,,,
198,Qatar,QAT,"Hospital beds (per 1,000 people)",SH.MED.BEDS.ZS,,,,,,,,,,,5.531499862670901,,,,,,,,,,,2.93959999084473,,,,,,,,2.30029988288879,,,,,,,,1.6499999762,,,2.4,2.4,2.4,2.4,2.4,2.4,2.5,2.5,1.4,1.4,1.2,1.2,1.2,1.4,1.2,,,,,
199,Romania,ROU,"Hospital beds (per 1,000 people)",SH.MED.BEDS.ZS,7.27327060699463,,,,,,,,,,,,,,,,,,,,8.77620029449463,8.7750997543335,8.81070041656494,,8.89579963684082,8.94040012359619,8.94659996032715,8.95020008087158,8.94219970703125,8.93710041046143,8.919899940499999,8.9221000671,7.8621001244,7.8699002265999995,7.694499969500001,7.6399998665,7.559999942799999,7.3800001144000005,7.309999942799999,7.309999942799999,7.7,7.7,7.7,6.7,6.7,6.8,6.7,6.5,6.6,6.6,6.3,6.1,6.2,6.3,,,,,,
200,Russian Federation,RUS,"Hospital beds (per 1,000 people)",SH.MED.BEDS.ZS,,,,,,,,,,,,,,,,,,,,,,,,,,12.9815998077393,13.0462999343872,13.117600440978999,13.175200462341301,13.186200141906701,13.0552997589,12.7019996643,12.2342996597,12.195899963399999,11.9611997604,11.869999885599999,11.630000114400001,11.3400001526,11.109999656700001,10.850000381500001,10.9,10.8,10.7,10.5,9.9,9.7,9.7,9.5,9.2,9.0,8.8,8.6,8.4,8.2,,,,,,
201,Rwanda,RWA,"Hospital beds (per 1,000 people)",SH.MED.BEDS.ZS,,,,,,,,,,,1.25399994850159,,,,,1.24259996414185,,,,,1.52799999713898,1.47809994220734,,,,,,,,0.867900013923645,1.6519999503999998,,,,,,,,,,,,,,1.7,,1.6,1.6,,,,,,,,,,,,
202,South Asia,SAS,"Hospital beds (per 1,000 people)",SH.MED.BEDS.ZS,0.506308440118216,,,,,,,,,,0.585141625004685,,,,,0.626657087295665,,,,,0.729453377081621,0.731848958039213,,,,0.70908290144915,,0.7024101697802231,,,,0.719413740221952,,,,,,,,,,,0.677651240192472,0.867379033029519,,0.813256917497725,,,,,,0.6742618345070739,,,,,,,,
203,Saudi Arabia,SAU,"Hospital beds (per 1,000 people)",SH.MED.BEDS.ZS,0.7747239470481869,,,,,,,,,,1.1813999414443999,,,,,,,,,,,1.45819997787476,,,,,,,,,2.4964001179,,,,,,,2.2999999523,,,2.3,3.2,2.2,2.2,2.2,2.3,2.3,2.2,2.2,2.2,2.2,2.1,2.1,2.2,2.7,,,,,
204,Sudan,SDN,"Hospital beds (per 1,000 people)",SH.MED.BEDS.ZS,1.0065009593963599,,,,,,,,,,1.04260003566742,,,,,0.9932000041008,,,,,0.8906999826431271,0.870199978351593,,,,,,,,,1.0880000590999999,,,,,,,,,,0.8,0.7,0.7,0.7,0.7,0.7,0.7,0.7,0.7,0.7,0.7,0.8,0.8,0.8,,,,,,
205,Senegal,SEN,"Hospital beds (per 1,000 people)",SH.MED.BEDS.ZS,1.31314718723297,,,,,,,,,,1.29849994182587,,,,,1.29009997844696,,,,,,,,,,,,,,0.523999989032745,0.7296000123,,,,0.24750000239999997,,0.4499999881,,0.400000006,,,,,,,,,0.1,0.3,,,,,,,,,,,
206,Singapore,SGP,"Hospital beds (per 1,000 people)",SH.MED.BEDS.ZS,4.39246654510498,,,,,,,,,,3.6982998847961404,,,,,3.33330011367798,,,,,3.95650005340576,3.9079999923706095,,,,,,,,,3.6078000069,3.5471999645,3.4514000416000004,3.6426999569,3.5652000904000003,,,,,,,2.9000000954000003,,2.8,,3.2,3.2,3.22,3.1,,,2.0,,2.1,,2.4,,,,
207,Solomon Islands,SLB,"Hospital beds (per 1,000 people)",SH.MED.BEDS.ZS,7.33050870895386,,,,,,,,,,7.3415999412536594,,,,,,,,,,,5.68289995193481,,,,,,,,,0.8281000257,,2.7481000423000004,,,,,,,,,,,2.2,,1.4,,,,,,,1.4,,,,,,,
208,Sierra Leone,SLE,"Hospital beds (per 1,000 people)",SH.MED.BEDS.ZS,0.772869229316711,,,,,,,,,,0.925499975681305,,,,,0.906899988651276,,,,,1.2144999504089398,,,,,,,,,,,,,,,,,,,,,,,,,,0.4,,,,,,,,,,,,,
209,El Salvador,SLV,"Hospital beds (per 1,000 people)",SH.MED.BEDS.ZS,2.18347549438477,,,,,,,,,,1.90240001678467,,,,,1.98500001430511,,,,,,,,,,,,,,,1.4710999727,,,1.5,,,1.6499999762,,,,,,,,,0.9,0.9,0.7,0.8,1.1,1.0,1.0,1.1,1.1,1.3,,,,,
210,San Marino,SMR,"Hospital beds (per 1,000 people)",SH.MED.BEDS.ZS,,,,,,,,,,,,,,,,,,,,,6.67199993133545,,,,6.82000017166138,6.76800012588501,6.699999809265139,6.65899991989136,7.65700006484985,7.44500017166138,7.1599998474,,,,,,,,,,,,,,,,,,,,,3.85,3.8,,,,,,,
211,Somalia,SOM,"Hospital beds (per 1,000 people)",SH.MED.BEDS.ZS,1.3553191423416102,,,,,,,,,,1.35570001602173,,,,,1.4220000505447399,,,,,,,,,,,,,0.906300008296967,,0.7534999847,,,,,,,0.400000006,,,0.4,0.4,0.4,0.4,0.4,,,,,,,,,0.9,0.9,,,,,
212,Serbia,SRB,"Hospital beds (per 1,000 people)",SH.MED.BEDS.ZS,,,,,,,,,,,,,,,,,,,,,,,,,,,,,,,,,,,,,,,,,,,,,,5.9,5.7,5.5,5.5,5.4,5.6,5.6,5.7,,,,,,,
213,Sub-Saharan Africa (excluding high income),SSA,"Hospital beds (per 1,000 people)",SH.MED.BEDS.ZS,1.39811416941745,,,,,,,,,,1.35750280368669,,,,,1.27773206312948,,,,,,,,,,,,,,,1.2125754223136298,,,,,,,,,,,,,,,,,,,,,,,,,,,,,
214,South Sudan,SSD,"Hospital beds (per 1,000 people)",SH.MED.BEDS.ZS,,,,,,,,,,,,,,,,,,,,,,,,,,,,,,,,,,,,,,,,,,,,,,,,,,,,,,,,,,,,
215,Sub-Saharan Africa,SSF,"Hospital beds (per 1,000 people)",SH.MED.BEDS.ZS,1.3992890315360302,,,,,,,,,,1.3586140938133002,,,,,1.2786763405983799,,,,,,,,,,,,,,,1.2125754223136298,,,,,,,,,,,,,,,,,,,,,,,,,,,,,
216,Small states,SST,"Hospital beds (per 1,000 people)",SH.MED.BEDS.ZS,4.57515411748174,,,,,,,,,,,,,,,,,,,,,,,,,,,,,,,,,,,,,,,,,,,,,,,,,,,,,,,,,,,
217,Sao Tome and Principe,STP,"Hospital beds (per 1,000 people)",SH.MED.BEDS.ZS,40.315456390380895,,,,,,,,,,26.7122993469238,,,,,,,,,,,,,,,,,,,,,4.737299919100001,,,,,,,,,,,,3.2,,,3.2,,,,,2.9,,,,,,,,
218,Suriname,SUR,"Hospital beds (per 1,000 people)",SH.MED.BEDS.ZS,6.5103449821472195,,,,,,,,,,5.6774001121521,,,,,,,,,,8.92679977416992,,,,,,,,,,5.6999998092999995,,,,,3.1,3.7400000094999997,,,,3.9,3.5999999045999997,,,3.1,,3.3,3.1,,2.6,3.1,,,,,,,,,
219,Slovak Republic,SVK,"Hospital beds (per 1,000 people)",SH.MED.BEDS.ZS,,,,,,,,,,,,,,,,,,,,,,,,,,8.95471,8.942219999999999,8.950510000000001,8.81316,8.816310000000001,7.448200225800001,7.577899932899999,7.5609002113,7.8740000725,7.0992999077,,8.3000001907,8.1000003815,8.0,8.0,7.8,7.7,7.6,7.2,6.9,6.8,6.7,6.8,6.6,6.5,6.4,6.1,5.9,5.8,,5.8,,,,
220,Slovenia,SVN,"Hospital beds (per 1,000 people)",SH.MED.BEDS.ZS,,,,,,,,,,,,,,,,,,,,,6.952600002288821,,6.67950010299683,,6.500999927520749,6.32609987258911,6.26789999008179,6.2153000831604,6.138000011444089,6.06339979171753,6.040800094600001,6.011300087,5.9369997977999995,5.8007001876999995,5.7768998146,5.75,5.6599998474,5.6700000763,5.6199998855999995,5.5500001907000005,5.4,5.2,5.1,5.0,4.8,4.8,4.8,4.7,4.7,4.6,4.6,4.6,4.5,4.6,,,,,,
221,Sweden,SWE,"Hospital beds (per 1,000 people)",SH.MED.BEDS.ZS,14.1999998092651,,,,,,,,,,15.3000001907349,,,,,,,,,,15.1000003814697,,,,,14.6000003814697,,,,,12.399999618499999,11.899999618499999,7.599999904600001,7.0,6.5,4.9000000954,4.4000000954,5.2,3.7999999523000003,3.7000000476999997,3.6,3.3,3.1,3.1,3.0,2.9,2.9,2.9,2.8,2.8,2.7,2.7,2.6,2.6,,,,,,
222,Eswatini,SWZ,"Hospital beds (per 1,000 people)",SH.MED.BEDS.ZS,1.9447852373123202,,,,,,,,,,3.3747000694274902,,,,,,,,,,,,,,,,,,,,,,,,,,,,,,,,,,,,2.1,,,,,2.1,,,,,,,,
223,Sint Maarten (Dutch part),SXM,"Hospital beds (per 1,000 people)",SH.MED.BEDS.ZS,,,,,,,,,,,,,,,,,,,,,,,,,,,,,,,,,,,,,,,,,,,,,,,,,,,,,,,,,,,,
224,Seychelles,SYC,"Hospital beds (per 1,000 people)",SH.MED.BEDS.ZS,7.098321437835691,,,,,,,,,,6.49249982833862,,,,,4.94969987869263,,,,,,,,,,4.82200002670288,,,,6.28329992294312,,,,,,,,,,,,,,,,,5.7,,,3.9,,3.6,,,,,,,,
225,Syrian Arab Republic,SYR,"Hospital beds (per 1,000 people)",SH.MED.BEDS.ZS,1.07673752307892,,,,,,,,,,0.993399977684021,,,,,1.0,,,,,1.1045000553131101,1.14579999446869,,,,,,,,,1.0865000486,,,,,,1.5,,1.5,1.3999999762,1.4,1.4,1.4,1.5,1.5,1.3,1.5,1.5,1.5,1.5,1.5,1.6,1.5,1.5,1.5,,,,,
226,Turks and Caicos Islands,TCA,"Hospital beds (per 1,000 people)",SH.MED.BEDS.ZS,,,,,,,,,,,,,,,,,,,,,,,,,,,,,,,,,,,,,,,,,,,,,,,,,,,,,,,,,,,,
227,Chad,TCD,"Hospital beds (per 1,000 people)",SH.MED.BEDS.ZS,0.697454333305359,,,,,,,,,,1.30999994277954,,,,,,,,,,,,,,,,,,,,,0.7200999856,,,,,,,,,,,,,,0.4,,,,,,,,,,,,,,
228,East Asia & Pacific (IDA & IBRD countries),TEA,"Hospital beds (per 1,000 people)",SH.MED.BEDS.ZS,,,,,,1.4400000572204599,1.5199999809265101,1.5,1.45000004768372,1.45000004768372,1.44188458520241,1.58000004291534,1.71000003814697,1.7699999809265101,1.85000002384186,1.78114532836121,1.98732443357415,2.0699999332428,2.14000010490417,2.2000000476837203,2.22372802979862,2.29444338407189,2.2341767405230097,2.26248063040223,2.31000799277205,2.12200487778165,2.3659373053875496,2.47996849317457,2.5366463166226403,2.35650142725527,2.27877090593764,2.27225166195359,2.27770699074498,2.29197691889198,2.3496088918205897,2.57205458171574,2.54083653635241,2.4980746146048998,2.25573235309062,2.5048830581539,2.4434965467112697,2.40324533359501,2.0312712030734,2.20020946024361,2.9656498563794202,2.42651177608378,2.10589699064507,,,3.8759285371161605,2.8495019709634604,3.55538825918737,3.5142490496806,,,,,,,
229,Europe & Central Asia (IDA & IBRD countries),TEC,"Hospital beds (per 1,000 people)",SH.MED.BEDS.ZS,,,,,,,,,,,,,,,,,,,,,,,,,,10.1508848013733,10.6571958496608,10.6893882633295,10.7220205951885,10.742265760151698,10.271193994680301,10.043844022603698,9.80876865758522,9.64541059166199,9.37119091991002,9.16164760374964,8.79326804667185,8.3026435781496,8.0036605520295,7.778831224349281,7.6516890044980705,7.82482166806834,7.551819787151961,7.49347941012228,7.220779687146879,7.12679439531286,7.09029263730966,6.90773456851296,6.86874211964245,6.857999402814619,6.68469722357279,6.5165554073239,6.45998964026772,6.36194887522994,,,,,,
230,Togo,TGO,"Hospital beds (per 1,000 people)",SH.MED.BEDS.ZS,1.26509189605713,,,,,,,,,,1.5333000421524001,,,,,1.43990004062653,,,,,,,,,,,,,,,1.5111000538,,,,,,,,,,,,,,,0.9,,,,,,0.7,,,,,,,,
231,Thailand,THA,"Hospital beds (per 1,000 people)",SH.MED.BEDS.ZS,0.7400348782539371,,,,,,,,,,1.13730001449585,,,,,1.11189997196198,,,,,1.53509998321533,,,,,,,,,,1.6325999498,1.6612999438999998,1.7066999674,,,1.9900000094999999,,,,2.2000000477,2.2,,2.2,,,2.1,,,,,2.1,,,,,,,,,
232,Tajikistan,TJK,"Hospital beds (per 1,000 people)",SH.MED.BEDS.ZS,,,,,,,,,,,,,,,,,,,,,,,,,,10.6448001861572,10.6449003219604,10.655599594116199,10.6742000579834,10.6297998428345,10.661800384500001,10.9629001617,11.2423000336,10.6812000275,8.9413003922,8.1999998093,7.4699997902,7.2199997902,6.9099998474,6.8000001907000005,6.5,6.4,6.3,6.1,6.0,5.9,6.1,5.4,5.3,5.2,5.0,4.9,4.8,4.8,,,,,,
233,Turkmenistan,TKM,"Hospital beds (per 1,000 people)",SH.MED.BEDS.ZS,,,,,,,,,,,,,,,,,,,,,10.4604997634888,,,,,10.6680002212524,11.122200012207001,11.104999542236301,11.129300117492699,11.1934003829956,11.484999656700001,11.5550003052,11.4153003693,11.678899765,11.470700264000001,10.2600002289,8.0100002289,7.1100001335,,,9.1,8.4,8.2,8.3,8.1,8.4,8.2,4.1,7.7,7.6,7.6,7.5,7.4,7.4,,,,,,
234,Latin America & the Caribbean (IDA & IBRD countries),TLA,"Hospital beds (per 1,000 people)",SH.MED.BEDS.ZS,3.38531553524795,,,,,,,,,,3.40763282748159,,,,,,,,,,,,,,,,,,,,2.40742387900785,,,2.47844956970373,,,2.18372085171489,,,,,,,,,,,,,1.85469295030056,2.14384797948173,1.94141306358373,2.0323400906413798,2.07488509973306,2.08967547696012,,,,,
235,Timor-Leste,TLS,"Hospital beds (per 1,000 people)",SH.MED.BEDS.ZS,,,,,,,,,,,,,,,,,,,,,,,,,,,,,,,,,,,,,,,,,,,,,,,,,,5.9,5.9,,,,,,,,,
236,Middle East & North Africa (IDA & IBRD countries),TMN,"Hospital beds (per 1,000 people)",SH.MED.BEDS.ZS,1.84397601817328,,,,,,,,,,1.90695292166014,,,,,,,,,,1.74731054736123,1.75200058385951,,,,,,,,,1.7499535727127,,,,,,,,,,1.64367507187058,1.62365238439819,1.6468667484683401,1.6465710800131201,1.676196436388,1.6734739443482802,1.71212481992556,1.67212202670376,1.6216907116887,1.5134445200018898,1.5884314964685902,1.23330757247811,0.827081150184223,1.16300785053231,1.51669671692738,,,,,
237,Tonga,TON,"Hospital beds (per 1,000 people)",SH.MED.BEDS.ZS,2.5,,,,,,,,,,2.5929999351501496,,,,,,,,,,3.4467999935150098,3.5394001007080096,,,,,,,,,,,,,,,,,,,,3.2000000476999997,,,2.4,,,,2.4,,2.6,,,,,,,,,
238,South Asia (IDA & IBRD),TSA,"Hospital beds (per 1,000 people)",SH.MED.BEDS.ZS,0.506308440118216,,,,,,,,,,0.585141625004685,,,,,0.626657087295665,,,,,0.729453377081621,0.731848958039213,,,,0.70908290144915,,0.7024101697802231,,,,0.719413740221952,,,,,,,,,,,0.677651240192472,0.867379033029519,,0.813256917497725,,,,,,0.6742618345070739,,,,,,,,
239,Sub-Saharan Africa (IDA & IBRD countries),TSS,"Hospital beds (per 1,000 people)",SH.MED.BEDS.ZS,1.3992890315360302,,,,,,,,,,1.3586140938133002,,,,,1.2786763405983799,,,,,,,,,,,,,,,1.2125754223136298,,,,,,,,,,,,,,,,,,,,,,,,,,,,,
240,Trinidad and Tobago,TTO,"Hospital beds (per 1,000 people)",SH.MED.BEDS.ZS,5.58956098556519,,,,,,,,,,4.94339990615845,,,,,4.9851999282836905,,,,,,,,,,,5.03730010986328,,,,4.0,,,3.2425999641,,3.8,5.1100001335,,,,3.3,3.4000000954000003,,3.3,,2.6,2.7,2.7,2.5,2.6,2.1,,2.7,2.7,3.0,,,,,
241,Tunisia,TUN,"Hospital beds (per 1,000 people)",SH.MED.BEDS.ZS,2.4676616191864,,,,,,,,,,2.44429993629456,,,,,2.5,,,,,2.1257998943328897,,,,,,,,,1.96570003032684,1.9167000055,2.0123000145,2.8573000431,,1.761500001,,2.0,1.7000000477000001,,,1.7,1.7,1.7,1.7,2.1,1.8,2.0,1.8,2.0,2.1,2.1,2.1,2.1,2.1,2.2,2.3,,,,
242,Turkey,TUR,"Hospital beds (per 1,000 people)",SH.MED.BEDS.ZS,1.70000004768372,,,,,1.79999995231628,,,,,2.0,,,,,2.0,,,,,2.2000000476837203,,,,,2.09999990463257,2.09999990463257,2.09999990463257,2.09999990463257,2.09999990463257,2.4000000954,2.4000000954,2.4000000954,2.5,2.5,2.5,2.5,2.5,2.5,2.5999999046,2.1,2.2,2.3,2.2,2.2,2.3,2.3,2.3,2.3,2.5,2.5,2.5,2.7,2.7,,,,,,
243,Tuvalu,TUV,"Hospital beds (per 1,000 people)",SH.MED.BEDS.ZS,,,,,,,,,,,,,,,,,,,,,,,,,,,,,,,,,,,,,,,,,,5.6,,,,,,,,,,,,,,,,,,
244,Tanzania,TZA,"Hospital beds (per 1,000 people)",SH.MED.BEDS.ZS,1.4904458522796598,,,,,,,,,,,,,,,,1.43130004405975,,1.4371999502182,,1.39750003814697,,1.36580002307892,,1.30309998989105,,,,1.0903999805450402,,1.0246000290000001,,0.8902999759,,,,,,,,,,,,,,1.1,,,,0.7,,,,,,,,,
245,Uganda,UGA,"Hospital beds (per 1,000 people)",SH.MED.BEDS.ZS,1.4807984828949,,,,,,,,,,1.55869996547699,,,,,1.64849996566772,,,,,,1.51250004768372,,,,,,,1.3154000043868999,,,0.9161999822,,,,,,,,,,,,,0.7,1.0,1.1,,,0.4,0.5,,,,,,,,,
246,Ukraine,UKR,"Hospital beds (per 1,000 people)",SH.MED.BEDS.ZS,,,,,,,,,,,,,,,,,,,,,12.143500328064,12.253299713134801,12.357799530029302,12.444800376892099,12.5909996032715,12.6949996948242,12.787599563598599,12.850600242614698,12.930399894714402,13.0064001083374,13.013099670399999,12.969099998499999,12.729000091600001,12.470700264000001,12.3022003174,11.890000343299999,10.8400001526,9.369999885599999,9.039999961900001,8.9499998093,8.8,8.8,8.9,8.8,8.7,8.7,8.7,8.7,8.7,9.4,9.4,9.0,8.9,8.8,,,,,,
247,Upper middle income,UMC,"Hospital beds (per 1,000 people)",SH.MED.BEDS.ZS,,,,,,,,,,,1.93642779393673,,,,,2.21073105343947,,,,,2.5318724984461802,,,,,3.9221065389211804,3.96624343470425,3.92108560106925,3.9846046216753597,3.94968340183524,3.5937126485131206,3.80767887052132,3.71995629372164,3.6942579473891604,3.69133710884192,3.65260356069086,3.37676080872016,3.55227364216804,3.43215306060242,3.37668144025159,3.29765701562257,3.24018036327269,3.10151179902107,2.89689649617396,3.37874233322015,3.1002779606771997,2.9227105982849,,,3.9621423880520297,3.56431944012151,3.6251885775559103,3.84964733518275,,,,,,,
248,Uruguay,URY,"Hospital beds (per 1,000 people)",SH.MED.BEDS.ZS,5.5118203163147,,,,,,,,,,5.91270017623901,,,,,5.0018000602722195,,,,,,,,,,3.24580001831055,,,,,4.522600174,,,4.5,,,4.3899998665,,,,,,,1.8999999762,,2.4,2.9,2.9,,,1.2,3.0,2.5,2.5,2.8,,,,,
249,United States,USA,"Hospital beds (per 1,000 people)",SH.MED.BEDS.ZS,9.19999980926514,,,,,8.80000019073486,,,,,7.900000095367429,7.5,7.400000095367429,7.199999809265139,7.099999904632571,6.800000190734861,6.599999904632571,6.400000095367429,6.199999809265139,6.099999904632571,6.0,5.900000095367429,5.900000095367429,5.800000190734861,5.699999809265139,5.5,5.400000095367429,5.199999809265139,5.09999990463257,5.0,4.9000000954,4.8000001907,4.5999999046,4.5,4.3000001907,4.0999999046,3.9000000954000003,3.7999999523000003,3.7000000476999997,3.5999999045999997,3.5,3.5,3.4000000954000003,3.3,,3.2,3.1,3.1,3.1,3.1,3.0,2.9,2.9,2.9,,,,,,
250,Uzbekistan,UZB,"Hospital beds (per 1,000 people)",SH.MED.BEDS.ZS,,,,,,,,,,,,,,,,,,,,,9.17630004882813,,,,,11.8341999053955,11.955699920654302,11.945699691772498,12.216199874877901,12.285099983215302,12.48279953,10.9472999573,10.754099845899999,9.394200325,8.663299560499999,8.3000001907,7.929999828300001,6.480000019099999,5.5500001907000005,5.3899998665,5.3,5.3,5.5,5.5,5.3,5.2,5.1,4.8,4.7,4.6,4.4,4.3,4.2,4.0,,,,,,
251,St. Vincent and the Grenadines,VCT,"Hospital beds (per 1,000 people)",SH.MED.BEDS.ZS,4.824999809265139,,,,,,,,,,4.98859977722168,,,,,,,,,,,,,,,,,,,,4.6999998093,,,5.0152997971,,,1.8500000238,,,,,4.7,4.5,4.5,4.5,4.5,,3.0,,,2.6,2.7,5.2,2.5,2.6,,,,,
252,"Venezuela, RB",VEN,"Hospital beds (per 1,000 people)",SH.MED.BEDS.ZS,,,,,,,,,,,,,,,0.34299999475479104,0.331499993801117,0.34290000796318104,,,,0.331900000572205,,0.370400011539459,0.35820001363754295,0.37279999256134005,2.6930999755859397,2.70009994506836,2.5982999801635698,2.49959993362427,,2.6779000759000002,2.6775999069,2.5729999541999997,2.5999999046,,,1.4700000286000001,,,,,0.8000000119,,0.9,,,,1.3,,1.1,,0.9,,,0.8,,,,,
253,British Virgin Islands,VGB,"Hospital beds (per 1,000 people)",SH.MED.BEDS.ZS,,,,,,,,,,,,,,,,,,,,,,,,,,,,,,,,,,,,,,,,,,,,,,,,,,,,,,,,,,,,
254,Virgin Islands (U.S.),VIR,"Hospital beds (per 1,000 people)",SH.MED.BEDS.ZS,,,,,,,,,,,,,,,,,,,,,,,,,,,,,,,4.8000001907,,,,,,18.6800003052,,,,,,,,,,,,,,,,,,,,,,,
255,Vietnam,VNM,"Hospital beds (per 1,000 people)",SH.MED.BEDS.ZS,,,,,,,,,,,,,,,,,,,,,3.49729990959167,3.6960999965667702,,,,,,,,3.3017001152038596,3.8329000473000003,,,,,,,1.6699999571000002,,,,2.4000000954,1.4,,2.8,2.6,2.66,,2.9,3.1,2.0,,2.5,,2.6,,,,,
256,Vanuatu,VUT,"Hospital beds (per 1,000 people)",SH.MED.BEDS.ZS,5.43076944351196,,,,,,,,,,10.7349004745483,,,,,,,,,,6.1793999671936,,,,,,,,,,,,,,,,,,,,,3.0999999045999997,,3.7,,4.1,,,1.7,,,,,,,,,,,
257,World,WLD,"Hospital beds (per 1,000 people)",SH.MED.BEDS.ZS,,,,,,,,,,,3.07868576187607,,,,,2.39763830885296,,,,,3.5952668129645096,,,,,4.12557625085772,,,,,3.64927624074345,3.4292390791487004,,,,,,,,,,,2.87597136726796,3.0584604523016696,,2.87934988664612,,,,,,2.70476928109424,,,,,,,,
258,Samoa,WSM,"Hospital beds (per 1,000 people)",SH.MED.BEDS.ZS,5.0,,,,,,,,,,4.55819988250732,,,,,,,,,,4.4967999458313,4.36399984359741,,,,,,,,,,,,,,,,,,,3.2999999523000003,,1.5,2.04,,1.0,,,,,,,,,,,,,,
259,Kosovo,XKX,"Hospital beds (per 1,000 people)",SH.MED.BEDS.ZS,,,,,,,,,,,,,,,,,,,,,,,,,,,,,,,,,,,,,,,,,,,,,,,,,,,,,,,,,,,,
260,"Yemen, Rep.",YEM,"Hospital beds (per 1,000 people)",SH.MED.BEDS.ZS,0.454545468091965,,,,,,,,,,0.8097000122070309,,,,,0.865499973297119,,,,,,,,,,,,,,,0.8361999989,,,,,,0.6899999976000001,,0.6000000238000001,,0.6,0.6,0.6,0.6,0.6,0.6,0.7,0.7,0.7,0.7,0.7,0.7,0.7,0.7,0.7,,,,,
261,South Africa,ZAF,"Hospital beds (per 1,000 people)",SH.MED.BEDS.ZS,,,,,,,,,,,,,,,,,,,,,,,,,,,,,,,,,,,,,,,,,,,,,,2.8,,,,,,,,,,,,,,
262,Zambia,ZMB,"Hospital beds (per 1,000 people)",SH.MED.BEDS.ZS,2.8016555309295694,,,,,,,,,,3.16109991073608,,,,,3.33680009841919,,,,,,3.48219990730286,,,,,,,,,,,,,,,,,,,,,,,2.0,,,,1.9,,2.0,,,,,,,,,
263,Zimbabwe,ZWE,"Hospital beds (per 1,000 people)",SH.MED.BEDS.ZS,3.8766460418701203,,,,,,,,,,3.4953999519348105,,,,,3.31369996070862,,,,,3.00270009040833,,,,,1.39359998703003,,1.94079995155334,,,0.5105000138,,,,,,,,,,,,,,,,3.0,,,,,1.7,,,,,,,,
