,slug,name,positions,age,team,games_played,games_started,minutes_played,made_field_goals,attempted_field_goals,made_three_point_field_goals,attempted_three_point_field_goals,made_free_throws,attempted_free_throws,offensive_rebounds,defensive_rebounds,assists,steals,blocks,turnovers,personal_fouls,points,fan_ppg
0,hardeja01,James Harden,POINT_GUARD,29,HOUSTON_ROCKETS,78,78,2867,843,1909,378,1028,754,858,66,452,586,158,58,387,244,2818,55.94358974358975
1,antetgi01,Giannis Antetokounmpo,POWER_FORWARD,24,MILWAUKEE_BUCKS,72,72,2358,721,1247,52,203,500,686,159,739,424,92,110,268,232,1994,53.38333333333334
2,westbru01,Russell Westbrook,POINT_GUARD,30,OKLAHOMA_CITY_THUNDER,73,73,2630,630,1473,119,411,296,451,109,698,784,142,33,325,245,1675,52.66301369863013
3,davisan02,Anthony Davis,CENTER,25,NEW_ORLEANS_PELICANS,56,56,1850,530,1026,48,145,344,433,174,498,218,88,135,112,132,1452,52.13214285714286
4,embiijo01,Joel Embiid,CENTER,24,PHILADELPHIA_76ERS,64,64,2154,580,1199,79,263,522,649,160,711,234,46,122,226,211,1761,51.05
5,jamesle01,LeBron James,SMALL_FORWARD,34,LOS_ANGELES_LAKERS,55,55,1937,558,1095,111,327,278,418,57,408,454,72,33,197,94,1505,50.127272727272725
6,georgpa01,Paul George,SMALL_FORWARD,28,OKLAHOMA_CITY_THUNDER,77,77,2841,707,1614,292,757,453,540,105,523,318,170,34,205,214,2159,46.65714285714286
7,townska01,Karl-Anthony Towns,CENTER,23,MINNESOTA_TIMBERWOLVES,77,77,2545,681,1314,142,355,376,450,263,691,259,67,125,240,292,1880,46.1987012987013
8,jokicni01,Nikola Jokić,CENTER,23,DENVER_NUGGETS,80,80,2504,616,1206,83,270,289,352,228,637,580,108,55,248,228,1604,44.875
9,vucevni01,Nikola Vučević,CENTER,28,ORLANDO_MAGIC,80,80,2510,701,1354,84,231,179,227,224,736,307,81,89,159,157,1665,43.23125
10,duranke01,Kevin Durant,SMALL_FORWARD,30,GOLDEN_STATE_WARRIORS,78,78,2702,721,1383,137,388,448,506,33,464,457,58,84,225,155,2027,43.17820512820513
11,drumman01,Andre Drummond,CENTER,25,DETROIT_PISTONS,79,79,2647,561,1052,5,38,243,412,423,809,112,136,138,175,272,1370,42.903797468354426
12,leonaka01,Kawhi Leonard,SMALL_FORWARD,27,TORONTO_RAPTORS,60,60,2040,560,1129,112,302,364,426,78,361,199,106,24,121,87,1596,42.67166666666667
13,curryst01,Stephen Curry,POINT_GUARD,30,GOLDEN_STATE_WARRIORS,69,69,2331,632,1340,354,810,263,287,45,324,361,92,25,192,166,1881,42.13478260869565
14,lillada01,Damian Lillard,POINT_GUARD,28,PORTLAND_TRAIL_BLAZERS,80,80,2838,681,1533,237,643,468,513,68,303,551,88,34,212,148,2067,42.13375
15,irvinky01,Kyrie Irving,POINT_GUARD,26,BOSTON_CELTICS,67,67,2214,604,1241,174,434,214,245,71,264,464,103,34,172,167,1596,41.73134328358209
16,bealbr01,Bradley Beal,SHOOTING_GUARD,25,WASHINGTON_WIZARDS,82,82,3028,764,1609,209,596,362,448,89,322,448,121,58,224,226,2099,41.44146341463414
17,walkeke02,Kemba Walker,POINT_GUARD,28,CHARLOTTE_HORNETS,82,82,2863,731,1684,260,731,380,450,52,309,484,102,34,211,131,2102,40.514634146341464
18,holidjr01,Jrue Holiday,SHOOTING_GUARD,28,NEW_ORLEANS_PELICANS,67,67,2402,547,1159,118,363,208,271,75,259,518,109,54,210,148,1420,40.5044776119403
19,griffbl01,Blake Griffin,POWER_FORWARD,29,DETROIT_PISTONS,75,75,2622,619,1341,189,522,414,550,100,465,402,52,28,253,199,1841,40.38666666666666
20,simmobe01,Ben Simmons,POINT_GUARD,22,PHILADELPHIA_76ERS,79,79,2700,540,960,0,6,257,428,172,525,610,112,61,274,209,1337,40.005063291139244
21,bookede01,Devin Booker,SHOOTING_GUARD,22,PHOENIX_SUNS,64,64,2242,586,1255,135,414,393,454,39,226,433,56,13,264,200,1700,39.7109375
22,walljo01,John Wall,POINT_GUARD,28,WASHINGTON_WIZARDS,32,32,1104,245,552,51,169,122,175,15,101,279,49,29,121,71,663,39.240625
23,doncilu01,Luka Dončić,SHOOTING_GUARD,19,DALLAS_MAVERICKS,72,72,2318,506,1186,168,514,346,485,86,477,429,77,25,247,137,1526,38.918055555555554
24,goberru01,Rudy Gobert,CENTER,26,UTAH_JAZZ,81,80,2577,476,712,0,0,332,522,309,732,161,66,187,130,231,1284,38.89753086419753
25,derozde01,DeMar DeRozan,SHOOTING_GUARD,29,SAN_ANTONIO_SPURS,77,77,2688,631,1313,7,45,366,441,54,408,475,86,36,199,177,1635,38.27142857142857
26,aldrila01,LaMarcus Aldridge,CENTER,33,SAN_ANTONIO_SPURS,81,81,2687,684,1319,10,42,349,412,251,493,194,43,107,144,179,1727,37.86172839506173
27,capelca01,Clint Capela,CENTER,24,HOUSTON_ROCKETS,67,67,2249,474,732,0,0,166,261,298,550,96,44,102,94,168,1114,36.919402985074626
28,randlju01,Julius Randle,POWER_FORWARD,24,NEW_ORLEANS_PELICANS,73,49,2232,571,1089,67,195,356,487,162,472,229,52,45,208,246,1565,36.37397260273973
29,conlemi01,Mike Conley,POINT_GUARD,31,MEMPHIS_GRIZZLIES,70,70,2342,490,1120,155,426,343,406,40,199,449,94,22,130,123,1478,36.29
30,russeda01,D'Angelo Russell,POINT_GUARD,22,BROOKLYN_NETS,81,81,2448,659,1517,234,635,160,205,53,262,563,100,20,253,141,1712,36.0679012345679
31,mitchdo01,Donovan Mitchell,SHOOTING_GUARD,22,UTAH_JAZZ,77,77,2598,661,1530,188,519,319,396,59,257,322,106,31,218,208,1829,35.67792207792208
32,gasolma01,Marc Gasol,CENTER,34,MEMPHIS_GRIZZLIES,53,53,1788,303,683,76,221,152,201,56,399,248,60,63,119,147,834,35.45283018867924
33,nurkiju01,Jusuf Nurkić,CENTER,24,PORTLAND_TRAIL_BLAZERS,72,72,1974,420,826,3,29,282,365,243,505,233,71,103,168,250,1125,35.44583333333333
34,lavinza01,Zach LaVine,SHOOTING_GUARD,23,CHICAGO_BULLS,63,62,2171,530,1135,120,321,312,375,40,254,283,60,26,215,140,1492,35.33809523809524
35,paulch01,Chris Paul,POINT_GUARD,33,HOUSTON_ROCKETS,58,58,1857,302,720,127,355,175,203,36,229,473,114,18,152,146,906,35.26724137931034
36,oladivi01,Victor Oladipo,SHOOTING_GUARD,26,INDIANA_PACERS,36,36,1147,249,588,74,216,103,141,21,181,186,60,11,82,72,675,34.900000000000006
37,harrito02,Tobias Harris,POWER_FORWARD,26,LOS_ANGELES_CLIPPERS,55,55,1903,424,855,112,258,192,219,37,395,150,40,24,109,123,1152,34.80727272727273
38,foxde01,De'Aaron Fox,POINT_GUARD,21,SACRAMENTO_KINGS,81,81,2546,505,1102,86,232,303,417,43,261,590,133,45,227,204,1399,34.29382716049383
39,collijo01,John Collins,POWER_FORWARD,21,ATLANTA_HAWKS,61,59,1829,465,831,55,158,203,266,219,376,121,22,39,120,199,1188,34.18852459016394
40,youngtr01,Trae Young,POINT_GUARD,20,ATLANTA_HAWKS,81,81,2503,525,1256,156,482,343,414,64,237,653,72,15,308,140,1549,34.02098765432098
41,lowryky01,Kyle Lowry,POINT_GUARD,32,TORONTO_RAPTORS,65,65,2213,304,739,157,453,161,194,41,271,564,91,31,182,166,926,33.97538461538462
42,butleji01,Jimmy Butler,SMALL_FORWARD,29,PHILADELPHIA_76ERS,55,55,1824,344,747,50,148,264,304,105,185,220,99,29,81,93,1002,33.72727272727273
43,aytonde01,Deandre Ayton,CENTER,20,PHOENIX_SUNS,71,70,2183,509,870,0,4,141,189,223,506,125,61,67,126,209,1159,33.11690140845071
44,markkla01,Lauri Markkanen,POWER_FORWARD,21,CHICAGO_BULLS,52,51,1682,342,795,120,332,170,195,74,396,75,37,33,85,122,974,32.79807692307692
45,middlkh01,Khris Middleton,SMALL_FORWARD,27,MILWAUKEE_BUCKS,77,77,2393,506,1148,179,474,216,258,50,411,331,80,7,174,172,1407,31.905194805194803
46,gallida01,Danilo Gallinari,SMALL_FORWARD,30,LOS_ANGELES_CLIPPERS,68,68,2059,409,884,161,372,367,406,54,363,178,49,23,99,129,1346,31.741176470588236
47,jordade01,DeAndre Jordan,CENTER,30,DALLAS_MAVERICKS,50,50,1554,208,323,0,0,135,198,161,525,99,33,53,111,125,551,31.673999999999996
48,thompkl01,Klay Thompson,SHOOTING_GUARD,28,GOLDEN_STATE_WARRIORS,78,78,2652,655,1402,241,599,129,158,37,262,186,84,47,115,157,1680,31.6
49,bledser01,Eric Bledsoe,POINT_GUARD,29,MILWAUKEE_BUCKS,78,78,2272,470,971,124,377,177,236,82,280,430,116,29,165,156,1241,31.351282051282052
50,gordoaa01,Aaron Gordon,POWER_FORWARD,23,ORLANDO_MAGIC,78,78,2633,470,1046,121,347,185,253,129,445,289,57,56,162,172,1246,31.183333333333337
51,mccolcj01,CJ McCollum,SHOOTING_GUARD,27,PORTLAND_TRAIL_BLAZERS,70,70,2375,571,1243,167,445,159,192,62,220,207,55,28,106,172,1468,31.09857142857143
52,siakapa01,Pascal Siakam,POWER_FORWARD,24,TORONTO_RAPTORS,80,79,2548,519,945,79,214,237,302,124,425,248,73,52,154,241,1354,31.01
53,willilo02,Lou Williams,SHOOTING_GUARD,32,LOS_ANGELES_CLIPPERS,75,1,1993,484,1138,105,291,425,485,40,182,402,57,11,181,80,1498,30.965333333333334
54,murraja01,Jamal Murray,POINT_GUARD,21,DENVER_NUGGETS,75,74,2447,513,1173,152,414,189,223,65,252,363,67,27,158,153,1367,30.95866666666667
55,hieldbu01,Buddy Hield,SHOOTING_GUARD,26,SACRAMENTO_KINGS,82,82,2615,623,1360,278,651,171,193,106,306,205,58,33,146,202,1695,30.889024390243904
56,whiteha01,Hassan Whiteside,CENTER,29,MIAMI_HEAT,72,53,1674,388,680,2,16,109,243,257,560,56,46,136,97,192,887,30.811111111111114
57,adamsst01,Steven Adams,CENTER,25,OKLAHOMA_CITY_THUNDER,80,80,2669,481,809,0,2,146,292,391,369,124,117,76,135,204,1108,30.7125
58,horfoal01,Al Horford,CENTER,32,BOSTON_CELTICS,68,68,1973,387,723,73,203,78,95,120,338,283,59,86,102,126,925,30.69264705882353
59,harremo01,Montrezl Harrell,CENTER,25,LOS_ANGELES_CLIPPERS,82,5,2158,546,888,3,17,266,414,184,351,162,71,110,132,255,1361,30.195121951219512
60,turnemy01,Myles Turner,CENTER,22,INDIANA_PACERS,74,74,2119,380,780,76,196,148,201,101,430,115,60,199,100,195,984,29.887837837837836
61,sabondo01,Domantas Sabonis,CENTER,22,INDIANA_PACERS,74,5,1838,413,700,9,17,208,291,186,504,212,48,30,160,239,1043,29.527027027027028
62,kanteen01,Enes Kanter,CENTER,26,NEW_YORK_KNICKS,44,23,1128,251,468,7,22,105,129,171,290,84,18,17,79,106,614,29.186363636363634
63,kuzmaky01,Kyle Kuzma,POWER_FORWARD,23,LOS_ANGELES_LAKERS,70,68,2314,496,1087,128,422,188,250,60,322,178,41,26,133,170,1308,29.062857142857144
64,wiggian01,Andrew Wiggins,SMALL_FORWARD,23,MINNESOTA_TIMBERWOLVES,73,73,2543,498,1209,118,348,207,296,83,269,184,70,48,138,153,1321,29.005479452054796
65,greendr01,Draymond Green,POWER_FORWARD,28,GOLDEN_STATE_WARRIORS,66,66,2065,188,422,47,165,63,91,60,421,454,95,70,169,197,486,28.866666666666664
66,ibakase01,Serge Ibaka,CENTER,29,TORONTO_RAPTORS,74,51,2010,464,877,49,169,135,177,156,445,99,29,103,114,211,1112,28.806756756756755
67,ingrabr01,Brandon Ingram,SMALL_FORWARD,21,LOS_ANGELES_LAKERS,52,52,1760,362,729,31,94,195,289,41,226,154,28,31,129,149,950,28.661538461538463
68,paytoel01,Elfrid Payton,POINT_GUARD,24,NEW_ORLEANS_PELICANS,42,42,1250,179,412,33,105,55,74,49,171,320,44,17,112,81,446,28.571428571428573
69,richajo01,Josh Richardson,SHOOTING_GUARD,25,MIAMI_HEAT,73,73,2539,423,1026,164,460,199,231,54,209,298,79,34,113,200,1209,28.556164383561644
70,tatumja01,Jayson Tatum,SMALL_FORWARD,20,BOSTON_CELTICS,79,79,2455,466,1036,116,311,195,228,70,407,168,84,57,122,168,1243,28.194936708860762
71,caulewi01,Willie Cauley-Stein,CENTER,25,SACRAMENTO_KINGS,81,81,2213,412,741,1,2,140,254,181,497,194,96,51,84,227,965,28.14320987654321
72,oubreke01,Kelly Oubre,SMALL_FORWARD,23,PHOENIX_SUNS,40,12,1180,243,537,67,206,121,159,47,149,64,57,39,73,110,674,28.105
73,teaguje01,Jeff Teague,POINT_GUARD,30,MINNESOTA_TIMBERWOLVES,42,41,1264,176,416,35,105,123,153,16,90,343,43,18,97,90,510,28.01666666666667
74,rosede01,Derrick Rose,POINT_GUARD,30,MINNESOTA_TIMBERWOLVES,51,13,1392,363,753,54,146,137,160,33,107,220,31,12,82,57,917,27.823529411764707
75,arizatr01,Trevor Ariza,SMALL_FORWARD,33,WASHINGTON_WIZARDS,43,43,1465,208,509,95,295,94,121,34,192,165,53,13,67,86,605,27.644186046511628
76,hardati02,Tim Hardaway,SHOOTING_GUARD,26,NEW_YORK_KNICKS,46,46,1499,282,726,117,337,199,233,26,135,122,42,6,81,106,880,27.63478260869565
77,warretj01,T.J. Warren,SMALL_FORWARD,25,PHOENIX_SUNS,43,36,1360,297,611,77,180,101,124,31,143,64,51,29,52,119,772,27.55348837209302
78,rondora01,Rajon Rondo,POINT_GUARD,32,LOS_ANGELES_LAKERS,46,29,1369,175,432,51,142,23,36,34,209,367,57,7,127,100,424,27.54565217391304
79,lambje01,Jeremy Lamb,SHOOTING_GUARD,26,CHARLOTTE_HORNETS,79,55,2250,431,979,115,330,231,260,65,369,172,88,32,80,140,1208,27.1746835443038
80,baglema01,Marvin Bagley,POWER_FORWARD,19,SACRAMENTO_KINGS,62,4,1567,356,706,30,96,181,262,162,309,62,33,59,98,120,923,26.890322580645158
81,millspa01,Paul Millsap,POWER_FORWARD,33,DENVER_NUGGETS,70,65,1895,322,665,58,159,181,249,153,352,141,83,54,95,183,883,26.85
82,thomptr01,Tristan Thompson,CENTER,27,CLEVELAND_CAVALIERS,43,40,1198,201,380,0,0,68,106,173,265,86,28,16,59,89,470,26.827906976744185
83,dunnkr01,Kris Dunn,POINT_GUARD,24,CHICAGO_BULLS,46,44,1389,215,506,34,96,55,69,19,168,277,68,21,104,166,519,26.80217391304348
84,nancela02,Larry Nance,CENTER,26,CLEVELAND_CAVALIERS,67,30,1795,249,479,33,98,96,134,168,384,214,100,40,97,192,627,26.76716417910448
85,gayru01,Rudy Gay,POWER_FORWARD,32,SAN_ANTONIO_SPURS,69,51,1842,376,746,74,184,120,147,63,407,182,54,34,114,159,946,26.73913043478261
86,youngth01,Thaddeus Young,POWER_FORWARD,30,INDIANA_PACERS,81,81,2489,443,841,51,146,87,135,192,331,204,123,36,123,194,1024,26.575308641975308
87,rubiori01,Ricky Rubio,POINT_GUARD,28,UTAH_JAZZ,68,67,1899,295,730,79,254,195,228,33,210,416,91,10,180,180,864,26.49411764705882
88,wadedw01,Dwyane Wade,SHOOTING_GUARD,37,MIAMI_HEAT,72,2,1885,416,960,86,261,165,233,69,216,301,59,38,166,118,1083,26.45138888888889
89,brogdma01,Malcolm Brogdon,SHOOTING_GUARD,26,MILWAUKEE_BUCKS,64,64,1832,378,748,104,244,141,152,65,223,205,46,13,91,102,1001,26.2671875
90,inglejo01,Joe Ingles,POWER_FORWARD,31,UTAH_JAZZ,82,82,2568,359,802,189,483,87,123,35,295,469,98,20,193,180,994,26.054878048780488
91,winslju01,Justise Winslow,SMALL_FORWARD,22,MIAMI_HEAT,66,52,1959,324,749,96,256,86,137,63,292,282,72,19,142,177,830,26.045454545454547
92,dinwisp01,Spencer Dinwiddie,POINT_GUARD,25,BROOKLYN_NETS,68,4,1914,366,828,124,370,287,356,26,140,311,40,17,152,187,1143,26.03970588235294
93,balllo01,Lonzo Ball,POINT_GUARD,21,LOS_ANGELES_LAKERS,47,45,1423,185,456,75,228,20,48,54,197,255,69,19,103,114,465,25.993617021276595
94,bogdabo02,Bojan Bogdanović,SMALL_FORWARD,29,INDIANA_PACERS,81,81,2573,522,1051,164,386,246,305,33,300,161,69,1,134,138,1454,25.939506172839504
95,allenja01,Jarrett Allen,CENTER,20,BROOKLYN_NETS,80,80,2096,335,568,6,45,197,278,191,481,110,43,120,103,184,873,25.8425
96,mcgeeja01,JaVale McGee,CENTER,31,LOS_ANGELES_LAKERS,75,62,1671,400,641,1,12,96,152,195,371,52,47,148,108,208,897,25.816
97,schrode01,Dennis Schröder,POINT_GUARD,25,OKLAHOMA_CITY_THUNDER,79,14,2314,457,1104,124,364,186,227,38,246,323,65,12,172,189,1224,25.712658227848102
98,favorde01,Derrick Favors,CENTER,27,UTAH_JAZZ,76,70,1766,363,619,17,78,154,228,207,353,89,56,106,84,163,897,25.55921052631579
99,porteot01,Otto Porter,SMALL_FORWARD,25,WASHINGTON_WIZARDS,41,28,1191,202,442,65,176,49,64,40,191,80,64,22,40,79,518,25.541463414634148
100,collida01,Darren Collison,POINT_GUARD,31,INDIANA_PACERS,76,76,2143,308,659,79,194,158,190,36,196,459,110,9,125,138,853,25.432894736842105
101,leverca01,Caris LeVert,SMALL_FORWARD,24,BROOKLYN_NETS,40,25,1063,207,483,48,154,85,123,35,116,156,42,14,69,77,547,25.130000000000003
102,barneha02,Harrison Barnes,POWER_FORWARD,26,DALLAS_MAVERICKS,49,49,1584,290,717,121,311,165,198,36,171,62,33,11,68,79,866,25.048979591836737
103,redicjj01,J.J. Redick,SHOOTING_GUARD,34,PHILADELPHIA_76ERS,76,63,2379,452,1027,240,605,228,255,20,166,206,32,17,101,129,1372,25.01578947368421
104,dedmode01,Dewayne Dedmon,CENTER,29,ATLANTA_HAWKS,64,52,1609,259,526,83,217,92,113,105,375,90,69,71,84,214,693,25.0
105,bogdabo01,Bogdan Bogdanović,SHOOTING_GUARD,26,SACRAMENTO_KINGS,70,17,1947,361,863,134,372,134,162,40,203,267,72,15,117,142,990,24.844285714285714
106,lopezbr01,Brook Lopez,CENTER,30,MILWAUKEE_BUCKS,81,81,2322,355,786,187,512,112,133,33,363,98,51,179,82,189,1009,24.804938271604936
107,parkeja01,Jabari Parker,POWER_FORWARD,23,CHICAGO_BULLS,39,17,1042,220,464,37,114,79,108,41,200,84,23,14,84,87,556,24.646153846153847
108,jacksre01,Reggie Jackson,POINT_GUARD,28,DETROIT_PISTONS,82,82,2289,441,1047,174,471,204,236,45,171,344,55,9,148,208,1260,24.57560975609756
109,fournev01,Evan Fournier,SHOOTING_GUARD,26,ORLANDO_MAGIC,81,81,2553,468,1069,153,450,137,170,38,220,295,71,12,154,225,1226,24.569135802469134
110,grantje01,Jerami Grant,POWER_FORWARD,24,OKLAHOMA_CITY_THUNDER,80,77,2612,409,823,115,293,157,221,96,321,79,61,100,67,214,1090,24.548750000000002
111,clarkjo01,Jordan Clarkson,SHOOTING_GUARD,26,CLEVELAND_CAVALIERS,81,0,2214,529,1180,144,445,162,192,82,188,196,57,13,135,112,1364,24.530864197530864
112,mudiaem01,Emmanuel Mudiay,POINT_GUARD,22,NEW_YORK_KNICKS,59,42,1607,330,740,69,210,144,186,33,163,228,43,19,140,103,873,24.308474576271188
113,morrima03,Marcus Morris,POWER_FORWARD,29,BOSTON_CELTICS,75,53,2091,377,844,146,389,146,173,76,382,109,43,25,92,181,1046,24.04133333333333
114,jacksja02,Jaren Jackson,POWER_FORWARD,19,MEMPHIS_GRIZZLIES,58,56,1515,298,589,51,142,151,197,73,199,64,52,82,98,220,798,23.97241379310345
115,cartewe01,Wendell Carter,CENTER,19,CHICAGO_BULLS,44,44,1110,180,371,6,32,89,112,87,220,78,26,58,65,152,455,23.713636363636365
116,sextoco01,Collin Sexton,POINT_GUARD,20,CLEVELAND_CAVALIERS,82,72,2605,519,1206,119,296,214,255,57,179,243,44,6,185,186,1371,23.581707317073167
117,zelleco01,Cody Zeller,CENTER,26,CHARLOTTE_HORNETS,49,47,1243,190,345,6,22,111,141,110,223,102,38,41,62,164,497,23.379591836734694
118,rosste01,Terrence Ross,SHOOTING_GUARD,27,ORLANDO_MAGIC,81,0,2150,440,1027,217,566,126,144,27,253,135,72,29,90,119,1223,23.12962962962963
119,osmande01,Cedi Osman,SMALL_FORWARD,23,CLEVELAND_CAVALIERS,76,75,2444,360,844,130,374,141,181,45,312,195,60,11,114,195,991,22.89342105263158
120,adebaba01,Bam Adebayo,CENTER,21,MIAMI_HEAT,82,28,1913,280,486,3,15,166,226,165,432,184,71,65,121,203,729,22.834146341463416
121,haywago01,Gordon Hayward,POWER_FORWARD,28,BOSTON_CELTICS,72,18,1863,296,635,77,231,156,187,51,271,244,62,23,105,104,825,22.811111111111114
122,vanvlfr01,Fred VanVleet,POINT_GUARD,24,TORONTO_RAPTORS,64,28,1760,246,600,112,296,97,115,21,146,307,57,20,82,110,701,22.4046875
123,augusdj01,D.J. Augustin,POINT_GUARD,31,ORLANDO_MAGIC,81,81,2269,318,677,131,311,181,209,41,162,426,52,4,128,115,948,22.40246913580247
124,anderky01,Kyle Anderson,SMALL_FORWARD,25,MEMPHIS_GRIZZLIES,43,40,1281,150,276,9,34,37,64,48,203,128,54,37,58,112,346,22.400000000000002
125,gordoer01,Eric Gordon,SHOOTING_GUARD,30,HOUSTON_ROCKETS,68,53,2158,384,938,216,600,119,152,17,131,129,41,27,90,143,1103,22.35441176470588
126,whitede01,Derrick White,POINT_GUARD,24,SAN_ANTONIO_SPURS,67,55,1728,260,543,48,142,95,123,35,212,263,67,47,97,145,663,22.16268656716418
127,vonleno01,Noah Vonleh,POWER_FORWARD,23,NEW_YORK_KNICKS,68,57,1722,207,440,46,137,111,156,113,415,129,46,51,88,174,571,22.11911764705882
128,gibsota01,Taj Gibson,POWER_FORWARD,33,MINNESOTA_TIMBERWOLVES,70,57,1686,304,537,11,34,134,177,172,286,84,53,39,73,186,753,21.994285714285713
129,batumni01,Nicolas Batum,SMALL_FORWARD,30,CHARLOTTE_HORNETS,75,72,2354,253,562,116,298,77,89,71,319,247,71,43,117,140,699,21.98
130,aminual01,Al-Farouq Aminu,POWER_FORWARD,28,PORTLAND_TRAIL_BLAZERS,81,81,2292,257,593,96,280,150,173,112,498,104,68,33,72,143,760,21.950617283950617
131,princta02,Taurean Waller-Prince,SMALL_FORWARD,24,ATLANTA_HAWKS,55,47,1552,262,594,123,315,95,116,22,177,118,53,19,100,141,742,21.85090909090909
132,bazemke01,Kent Bazemore,SHOOTING_GUARD,29,ATLANTA_HAWKS,67,35,1643,278,691,96,300,127,175,37,224,152,89,42,121,170,779,21.8089552238806
133,plumlma01,Mason Plumlee,CENTER,28,DENVER_NUGGETS,82,17,1731,262,442,2,10,111,198,165,359,243,66,76,126,252,637,21.808536585365854
134,robinmi01,Mitchell Robinson,CENTER,20,NEW_YORK_KNICKS,66,19,1360,202,291,0,0,81,135,177,246,37,52,161,35,217,485,21.804545454545455
135,bryanth01,Thomas Bryant,CENTER,21,WASHINGTON_WIZARDS,72,53,1496,309,502,33,99,107,137,113,341,92,25,67,60,126,758,21.733333333333334
136,harrijo01,Joe Harris,SHOOTING_GUARD,27,BROOKLYN_NETS,76,76,2293,374,748,183,386,110,133,52,239,181,38,17,121,182,1041,21.719736842105263
137,bartowi01,Will Barton,SMALL_FORWARD,28,DENVER_NUGGETS,43,38,1189,185,460,67,196,57,74,32,167,124,18,22,65,82,494,21.71627906976744
138,brownja02,Jaylen Brown,SHOOTING_GUARD,22,BOSTON_CELTICS,74,25,1913,368,792,95,276,133,202,65,248,100,69,32,99,186,964,21.52162162162162
139,crowdja01,Jae Crowder,SMALL_FORWARD,28,UTAH_JAZZ,80,11,2166,318,797,173,522,142,197,60,324,133,64,31,85,170,951,21.45375
140,satorto01,Tomáš Satoranský,POINT_GUARD,27,WASHINGTON_WIZARDS,80,54,2164,257,530,64,162,131,160,82,197,399,82,13,120,172,709,21.40375
141,jacksjo02,Josh Jackson,SHOOTING_GUARD,21,PHOENIX_SUNS,79,29,1988,347,841,73,225,143,213,66,281,183,74,56,173,209,910,21.365822784810128
142,willima02,Marvin Williams,POWER_FORWARD,32,CHARLOTTE_HORNETS,75,75,2133,275,652,140,382,66,86,76,331,92,71,61,47,156,756,21.325333333333333
143,bjeline01,Nemanja Bjelica,POWER_FORWARD,30,SACRAMENTO_KINGS,77,70,1788,284,593,103,257,70,92,125,319,147,54,56,82,197,741,21.198701298701298
144,smartma01,Marcus Smart,SHOOTING_GUARD,24,BOSTON_CELTICS,80,60,2200,239,567,126,346,104,129,57,177,321,143,28,123,201,708,21.11625
145,beverpa01,Patrick Beverley,POINT_GUARD,30,LOS_ANGELES_CLIPPERS,78,49,2137,194,477,112,282,96,123,76,312,300,67,43,85,265,596,21.110256410256408
146,harriga01,Gary Harris,SHOOTING_GUARD,24,DENVER_NUGGETS,57,48,1639,270,637,82,242,115,144,41,119,127,55,19,68,113,737,21.04385964912281
147,isaacjo01,Jonathan Isaac,POWER_FORWARD,21,ORLANDO_MAGIC,75,64,1996,262,611,86,266,110,135,99,312,80,59,98,75,143,720,20.962666666666667
148,gilgesh01,Shai Gilgeous-Alexander,POINT_GUARD,20,LOS_ANGELES_CLIPPERS,82,73,2174,341,716,51,139,156,195,57,175,270,96,45,141,175,889,20.89512195121951
149,poweldw01,Dwight Powell,CENTER,27,DALLAS_MAVERICKS,77,22,1662,290,486,39,127,196,254,140,271,112,44,50,67,201,815,20.742857142857144
150,lenal01,Alex Len,CENTER,25,ATLANTA_HAWKS,77,31,1544,320,648,74,204,140,216,158,266,86,27,69,97,200,854,20.607792207792208
151,greenje02,Jeff Green,POWER_FORWARD,32,WASHINGTON_WIZARDS,77,44,2097,326,687,111,320,183,206,57,252,137,43,39,101,160,946,20.588311688311688
152,knoxke01,Kevin Knox,POWER_FORWARD,19,NEW_YORK_KNICKS,75,57,2158,338,914,125,364,162,226,61,274,82,43,24,114,175,963,20.106666666666666
153,matthwe02,Wesley Matthews,SMALL_FORWARD,32,DALLAS_MAVERICKS,44,44,1312,194,469,100,263,87,110,20,82,100,33,12,58,102,575,19.986363636363635
154,morrimo01,Monte Morris,POINT_GUARD,23,DENVER_NUGGETS,82,6,1970,346,702,94,227,65,81,35,159,297,73,4,52,102,851,19.89390243902439
155,saricda01,Dario Šarić,POWER_FORWARD,24,MINNESOTA_TIMBERWOLVES,68,28,1627,256,564,97,253,105,120,105,266,101,41,6,72,143,714,19.598529411764705
156,greenda02,Danny Green,SHOOTING_GUARD,31,TORONTO_RAPTORS,80,80,2216,293,630,198,435,37,44,60,257,126,73,53,75,171,821,19.5925
157,waitedi01,Dion Waiters,SHOOTING_GUARD,27,MIAMI_HEAT,44,28,1138,198,478,109,289,22,44,7,109,121,29,9,64,72,527,19.538636363636364
158,tuckepj01,P.J. Tucker,POWER_FORWARD,33,HOUSTON_ROCKETS,82,82,2802,207,523,146,387,41,59,121,358,96,132,39,63,252,601,19.497560975609755
159,roziete01,Terry Rozier,POINT_GUARD,24,BOSTON_CELTICS,79,14,1791,258,666,119,337,73,93,32,275,231,68,21,68,101,708,19.40379746835443
160,carrode01,DeMarre Carroll,POWER_FORWARD,32,BROOKLYN_NETS,67,8,1703,227,575,106,310,184,242,68,281,85,31,10,73,114,744,19.392537313432836
161,hoodro01,Rodney Hood,SHOOTING_GUARD,26,CLEVELAND_CAVALIERS,45,45,1234,194,454,55,152,104,114,18,94,92,38,5,36,101,547,19.32
162,bullore01,Reggie Bullock,SHOOTING_GUARD,27,DETROIT_PISTONS,44,44,1355,182,441,114,294,56,64,20,103,109,24,5,54,79,534,19.297727272727272
163,johnsty01,Tyler Johnson,POINT_GUARD,26,MIAMI_HEAT,44,10,1123,171,401,72,204,61,88,19,102,112,40,21,63,72,475,19.254545454545454
164,olynyke01,Kelly Olynyk,POWER_FORWARD,27,MIAMI_HEAT,79,36,1812,261,564,113,319,152,185,72,303,140,53,37,114,183,787,19.151898734177216
165,bembrde01,DeAndre' Bembry,SHOOTING_GUARD,24,ATLANTA_HAWKS,82,15,1931,275,616,50,173,87,136,54,304,202,105,41,142,190,687,19.141463414634146
166,holliro01,Rondae Hollis-Jefferson,SMALL_FORWARD,24,BROOKLYN_NETS,59,21,1234,200,487,9,49,118,183,83,227,96,44,27,68,107,527,18.93220338983051
167,huertke01,Kevin Huerter,SHOOTING_GUARD,20,ATLANTA_HAWKS,75,59,2048,275,657,136,353,41,56,60,185,214,65,25,109,155,727,18.84
168,forbebr01,Bryn Forbes,SHOOTING_GUARD,25,SAN_ANTONIO_SPURS,82,81,2293,361,791,176,413,69,78,18,221,175,45,4,80,159,967,18.710975609756098
169,linje01,Jeremy Lin,POINT_GUARD,30,ATLANTA_HAWKS,51,1,1003,180,386,44,132,142,168,16,103,181,38,7,98,96,546,18.672549019607843
170,dotsoda01,Damyean Dotson,SHOOTING_GUARD,24,NEW_YORK_KNICKS,73,40,2004,290,698,126,342,73,98,34,228,135,58,10,71,135,779,18.64246575342466
171,bridgmi01,Mikal Bridges,SMALL_FORWARD,22,PHOENIX_SUNS,82,56,2417,242,563,105,313,95,118,56,208,173,129,38,70,201,684,18.589024390243903
172,mooreet01,E'Twaun Moore,SHOOTING_GUARD,29,NEW_ORLEANS_PELICANS,53,36,1463,256,532,76,176,45,59,35,92,102,40,8,59,112,633,18.40377358490566
173,josepco01,Cory Joseph,POINT_GUARD,27,INDIANA_PACERS,82,9,2063,226,548,55,171,30,43,39,240,321,94,22,80,131,537,18.35731707317073
174,jonesty01,Tyus Jones,POINT_GUARD,22,MINNESOTA_TIMBERWOLVES,68,23,1560,185,446,40,126,58,69,23,111,327,81,5,47,78,468,18.298529411764704
175,caldwke01,Kentavious Caldwell-Pope,SHOOTING_GUARD,25,LOS_ANGELES_LAKERS,82,23,2035,325,756,151,435,137,158,48,190,110,73,13,65,137,938,18.2390243902439
176,harklma01,Maurice Harkless,SMALL_FORWARD,25,PORTLAND_TRAIL_BLAZERS,60,53,1415,189,388,33,120,49,73,77,192,74,67,53,45,163,460,18.146666666666665
177,davised01,Ed Davis,CENTER,29,BROOKLYN_NETS,81,1,1446,186,302,0,2,100,162,216,478,61,35,33,64,226,472,18.12716049382716
178,shumpim01,Iman Shumpert,SHOOTING_GUARD,28,SACRAMENTO_KINGS,42,40,1099,133,348,74,202,34,41,19,110,91,47,20,38,92,374,18.126190476190477
179,holmeri01,Richaun Holmes,CENTER,25,PHOENIX_SUNS,70,4,1184,222,365,0,0,128,175,115,216,60,42,79,52,194,572,17.845714285714287
180,evansty01,Tyreke Evans,SHOOTING_GUARD,29,INDIANA_PACERS,69,18,1402,257,660,77,216,115,160,33,168,166,58,18,118,117,706,17.828985507246376
181,turneev01,Evan Turner,POINT_GUARD,30,PORTLAND_TRAIL_BLAZERS,73,2,1605,204,443,11,52,75,106,37,291,283,33,18,114,110,494,17.80958904109589
182,smithis01,Ish Smith,POINT_GUARD,30,DETROIT_PISTONS,56,0,1251,205,489,44,135,47,62,23,122,203,28,11,61,109,501,17.794642857142858
183,iguodan01,Andre Iguodala,SMALL_FORWARD,35,GOLDEN_STATE_WARRIORS,68,13,1578,151,302,48,144,39,67,48,204,216,61,51,52,95,389,17.461764705882356
184,millspa02,Patty Mills,POINT_GUARD,30,SAN_ANTONIO_SPURS,82,1,1908,282,663,159,404,88,103,24,158,245,49,10,93,129,811,17.340243902439024
185,templga01,Garrett Temple,SHOOTING_GUARD,32,MEMPHIS_GRIZZLIES,49,49,1530,166,387,74,210,57,76,18,134,69,50,25,54,134,463,17.242857142857144
186,lopezro01,Robin Lopez,CENTER,30,CHICAGO_BULLS,74,36,1606,304,535,7,31,89,123,140,146,89,11,78,96,124,704,17.063513513513513
187,beaslma01,Malik Beasley,SHOOTING_GUARD,22,DENVER_NUGGETS,81,18,1879,349,737,163,405,56,66,35,165,97,55,10,55,116,917,17.006172839506174
188,trieral01,Allonzo Trier,SHOOTING_GUARD,23,NEW_YORK_KNICKS,64,3,1459,232,518,52,132,179,223,31,166,119,28,14,116,117,695,16.8421875
189,hezonma01,Mario Hezonja,SMALL_FORWARD,23,NEW_YORK_KNICKS,58,24,1206,191,464,42,152,87,114,28,211,88,57,8,88,110,511,16.7551724137931
190,brunsja01,Jalen Brunson,POINT_GUARD,22,DALLAS_MAVERICKS,73,38,1591,264,565,63,181,87,120,25,144,230,37,4,88,127,678,16.70958904109589
191,finnedo01,Dorian Finney-Smith,SMALL_FORWARD,25,DALLAS_MAVERICKS,81,26,1985,228,528,79,254,73,103,138,251,95,69,36,74,186,608,16.707407407407405
192,looneke01,Kevon Looney,CENTER,22,GOLDEN_STATE_WARRIORS,80,24,1481,217,347,1,10,65,105,194,223,123,46,53,51,211,500,16.64875
193,hartjo01,Josh Hart,SHOOTING_GUARD,23,LOS_ANGELES_LAKERS,67,22,1715,189,464,92,274,55,80,35,213,93,64,40,58,147,525,16.598507462686566
194,willike04,Kenrich Williams,SMALL_FORWARD,24,NEW_ORLEANS_PELICANS,46,29,1079,107,279,52,156,13,19,55,164,83,45,19,36,95,279,16.48478260869565
195,parketo01,Tony Parker,POINT_GUARD,36,CHARLOTTE_HORNETS,56,0,1003,213,463,13,51,91,124,14,69,207,21,7,75,53,530,16.448214285714286
196,connapa01,Pat Connaughton,SHOOTING_GUARD,26,MILWAUKEE_BUCKS,61,2,1261,163,350,66,200,29,40,61,197,122,33,25,33,81,421,16.337704918032784
197,klebima01,Maxi Kleber,POWER_FORWARD,27,DALLAS_MAVERICKS,71,18,1502,175,386,77,218,58,74,90,239,70,36,78,54,143,485,16.32112676056338
198,johnsja01,James Johnson,POWER_FORWARD,31,MIAMI_HEAT,55,33,1164,164,379,50,149,50,70,22,154,135,35,27,74,114,428,16.212727272727275
199,belinma01,Marco Belinelli,SHOOTING_GUARD,32,SAN_ANTONIO_SPURS,79,1,1815,285,690,147,395,112,124,16,182,132,35,8,72,121,829,16.184810126582278
200,kennalu01,Luke Kennard,SHOOTING_GUARD,22,DETROIT_PISTONS,63,10,1437,228,520,106,269,51,61,12,171,114,26,10,57,92,613,16.168253968253968
201,macksh01,Shelvin Mack,POINT_GUARD,28,MEMPHIS_GRIZZLIES,53,3,1204,161,389,46,128,53,75,18,84,182,45,4,62,81,421,16.08301886792453
202,bridgmi02,Miles Bridges,SMALL_FORWARD,20,CHARLOTTE_HORNETS,80,25,1696,237,511,65,200,58,77,67,256,95,55,49,50,111,597,16.06375
203,crabbal01,Allen Crabbe,SHOOTING_GUARD,26,BROOKLYN_NETS,43,20,1133,137,373,98,259,41,56,16,132,46,23,13,46,102,413,15.944186046511629
204,arcidry01,Ryan Arcidiacono,POINT_GUARD,24,CHICAGO_BULLS,81,32,1961,187,418,81,217,89,102,27,192,269,65,4,63,171,544,15.867901234567901
205,zizican01,Ante Žižić,CENTER,22,CLEVELAND_CAVALIERS,59,25,1082,183,331,0,0,93,132,108,212,53,13,22,61,113,459,15.788135593220339
206,lylestr01,Trey Lyles,POWER_FORWARD,23,DENVER_NUGGETS,64,2,1120,207,495,51,200,81,116,44,202,87,30,23,68,93,546,15.7765625
207,poeltja01,Jakob Pöltl,CENTER,23,SAN_ANTONIO_SPURS,77,24,1273,187,290,0,0,49,92,178,232,93,29,68,48,124,423,15.590909090909092
208,riverau01,Austin Rivers,SHOOTING_GUARD,26,HOUSTON_ROCKETS,47,13,1345,156,378,71,221,25,49,15,76,109,29,13,32,135,408,15.589361702127661
209,mccontj01,T.J. McConnell,POINT_GUARD,26,PHILADELPHIA_76ERS,76,3,1470,220,419,14,42,29,37,28,146,258,79,17,91,105,483,15.523684210526316
210,muscami01,Mike Muscala,POWER_FORWARD,27,PHILADELPHIA_76ERS,47,6,1041,109,278,68,199,63,77,51,149,62,18,27,43,112,349,15.51063829787234
211,okogijo01,Josh Okogie,SHOOTING_GUARD,20,MINNESOTA_TIMBERWOLVES,74,52,1757,196,508,60,215,118,162,41,177,91,88,33,63,166,570,15.50135135135135
212,harrish01,Shaquille Harrison,SHOOTING_GUARD,25,CHICAGO_BULLS,73,11,1430,184,426,24,89,82,123,33,189,139,89,30,60,124,474,15.436986301369863
213,bertada01,Dāvis Bertāns,POWER_FORWARD,26,SAN_ANTONIO_SPURS,76,12,1632,204,453,145,338,53,60,23,241,100,35,33,43,133,606,15.339473684210526
214,kurucro01,Rodions Kurucs,SMALL_FORWARD,20,BROOKLYN_NETS,63,46,1294,202,449,58,184,72,92,56,190,52,41,25,77,146,534,15.273015873015874
215,mcgruro01,Rodney McGruder,SHOOTING_GUARD,27,MIAMI_HEAT,66,45,1550,186,461,79,225,52,72,60,178,112,36,12,64,115,503,14.978787878787877
216,jonesde02,Derrick Jones,SMALL_FORWARD,21,MIAMI_HEAT,60,14,1153,160,324,28,91,74,122,96,144,37,46,42,43,123,422,14.975
217,bradlav01,Avery Bradley,SHOOTING_GUARD,28,LOS_ANGELES_CLIPPERS,49,49,1463,161,420,58,172,20,25,35,96,96,27,16,61,133,400,14.820408163265308
218,crawfja01,Jamal Crawford,SHOOTING_GUARD,38,PHOENIX_SUNS,64,0,1211,174,438,67,202,93,110,8,77,229,33,12,99,75,508,14.7578125
219,milleda01,Darius Miller,SMALL_FORWARD,28,NEW_ORLEANS_PELICANS,69,15,1757,189,484,133,364,56,71,14,114,146,40,23,59,165,567,14.588405797101448
220,colliza01,Zach Collins,CENTER,21,PORTLAND_TRAIL_BLAZERS,77,0,1356,189,400,40,121,94,126,109,215,71,25,66,77,174,512,14.445454545454545
221,noelne01,Nerlens Noel,CENTER,24,OKLAHOMA_CITY_THUNDER,77,2,1055,162,276,0,0,54,79,127,198,45,66,96,48,166,378,14.435064935064934
222,dienggo01,Gorgui Dieng,CENTER,29,MINNESOTA_TIMBERWOLVES,76,2,1031,189,377,19,56,88,106,81,230,72,48,41,57,134,485,14.305263157894737
223,powelno01,Norman Powell,SHOOTING_GUARD,25,TORONTO_RAPTORS,60,3,1126,193,400,68,170,62,75,16,123,91,39,13,65,96,516,14.305
224,kiddgmi01,Michael Kidd-Gilchrist,POWER_FORWARD,25,CHARLOTTE_HORNETS,64,3,1179,158,332,16,47,95,123,88,158,61,32,39,43,156,427,14.2609375
225,korveky01,Kyle Korver,SHOOTING_GUARD,37,UTAH_JAZZ,54,0,1083,166,407,113,294,47,57,9,124,64,22,10,42,84,492,14.251851851851852
226,stephla01,Lance Stephenson,SHOOTING_GUARD,28,LOS_ANGELES_LAKERS,68,3,1123,184,432,73,197,50,73,32,183,140,41,7,86,111,491,14.25
227,ilyaser01,Ersan İlyasova,POWER_FORWARD,31,MILWAUKEE_BUCKS,67,7,1231,167,381,58,160,61,74,94,208,52,32,20,48,172,453,14.170149253731344
228,monkma01,Malik Monk,SHOOTING_GUARD,20,CHARLOTTE_HORNETS,73,0,1258,227,586,109,330,90,102,16,121,117,37,19,86,106,653,13.957534246575344
229,greenge01,Gerald Green,SHOOTING_GUARD,33,HOUSTON_ROCKETS,73,0,1473,231,578,156,441,57,68,30,152,40,33,27,55,126,675,13.950684931506851
230,jerebjo01,Jonas Jerebko,POWER_FORWARD,31,GOLDEN_STATE_WARRIORS,73,6,1218,163,355,69,188,64,80,72,216,96,27,18,43,137,459,13.638356164383561
231,laymaja01,Jake Layman,SMALL_FORWARD,24,PORTLAND_TRAIL_BLAZERS,71,33,1327,216,424,59,181,50,71,56,161,53,31,30,46,116,541,13.477464788732394
232,cartevi01,Vince Carter,POWER_FORWARD,42,ATLANTA_HAWKS,76,9,1330,196,468,123,316,47,66,31,163,87,44,27,48,141,562,13.411842105263156
233,gallola01,Langston Galloway,SHOOTING_GUARD,27,DETROIT_PISTONS,80,4,1745,228,587,135,380,81,96,49,122,85,37,8,24,135,672,13.383750000000001
234,craigto01,Torrey Craig,SMALL_FORWARD,28,DENVER_NUGGETS,75,37,1503,160,362,61,188,49,70,89,174,72,37,46,44,175,430,13.008
235,jacksju01,Justin Jackson,SMALL_FORWARD,23,SACRAMENTO_KINGS,52,3,1083,125,295,55,159,41,50,25,121,68,23,13,22,67,346,12.946153846153846
236,anunoog01,OG Anunoby,SMALL_FORWARD,21,TORONTO_RAPTORS,67,6,1352,183,404,67,202,36,62,58,139,47,46,22,55,140,469,12.78955223880597
237,brownst02,Sterling Brown,SHOOTING_GUARD,23,MILWAUKEE_BUCKS,58,7,1034,145,312,53,147,29,42,29,155,84,25,8,46,88,372,12.737931034482758
238,onealro01,Royce O'Neale,SMALL_FORWARD,25,UTAH_JAZZ,82,16,1671,163,343,68,176,32,42,22,263,124,54,24,70,172,426,12.682926829268293
239,jacksfr01,Frank Jackson,POINT_GUARD,20,NEW_ORLEANS_PELICANS,61,16,1169,194,447,53,169,54,73,25,109,69,25,2,48,92,495,12.545901639344262
240,hernaju01,Juan Hernangómez,POWER_FORWARD,23,DENVER_NUGGETS,70,25,1358,138,314,66,181,66,86,64,201,55,27,24,37,94,408,12.478571428571428
241,shamela01,Landry Shamet,SHOOTING_GUARD,21,PHILADELPHIA_76ERS,54,4,1108,153,347,99,245,44,54,14,64,59,24,8,26,106,449,12.39074074074074
242,cookqu01,Quinn Cook,POINT_GUARD,25,GOLDEN_STATE_WARRIORS,74,10,1059,204,439,81,200,20,26,22,135,116,20,3,50,92,509,11.72162162162162
243,harride01,Devin Harris,POINT_GUARD,35,DALLAS_MAVERICKS,68,2,1071,132,347,62,200,102,134,12,100,122,35,16,56,133,428,11.638235294117647
244,curryse01,Seth Curry,SHOOTING_GUARD,28,PORTLAND_TRAIL_BLAZERS,74,2,1399,212,465,113,251,44,52,27,93,66,36,12,61,97,581,11.608108108108109
245,fergute01,Terrance Ferguson,SHOOTING_GUARD,20,OKLAHOMA_CITY_THUNDER,74,74,1931,185,431,106,290,37,51,33,108,72,40,16,47,231,513,11.556756756756757
246,ferreyo01,Yogi Ferrell,POINT_GUARD,25,SACRAMENTO_KINGS,71,3,1067,153,352,54,149,60,67,13,96,137,36,4,40,64,420,11.215492957746479
247,dudleja01,Jared Dudley,POWER_FORWARD,33,BROOKLYN_NETS,59,25,1220,101,239,53,151,32,46,34,121,83,36,16,43,131,287,11.161016949152541
248,snellto01,Tony Snell,SMALL_FORWARD,27,MILWAUKEE_BUCKS,74,12,1304,163,361,81,204,37,42,29,128,68,26,18,23,90,444,10.802702702702703
249,iwundwe01,Wesley Iwundu,SMALL_FORWARD,24,ORLANDO_MAGIC,68,13,1233,113,274,29,79,84,103,37,147,73,28,22,44,123,339,10.666176470588235
250,brownbr01,Bruce Brown,SHOOTING_GUARD,22,DETROIT_PISTONS,74,56,1449,125,314,24,93,45,60,48,137,91,40,36,46,178,319,10.587837837837839
251,mcderdo01,Doug McDermott,SMALL_FORWARD,27,INDIANA_PACERS,77,1,1340,207,422,84,206,66,79,17,92,67,18,8,42,104,564,10.458441558441558
252,tollian01,Anthony Tolliver,POWER_FORWARD,33,MINNESOTA_TIMBERWOLVES,65,0,1079,99,259,81,215,47,60,15,162,46,17,21,36,91,326,9.959999999999999
253,mckinal01,Alfonzo McKinnie,SMALL_FORWARD,26,GOLDEN_STATE_WARRIORS,72,5,1003,134,275,42,118,27,48,81,166,31,18,15,30,134,337,9.943055555555555
